order_id,restaurant_id,rider_id,city,order_hour,prep_time_minutes,distance_km,traffic_index,weather_score,rider_experience_years,predicted_eta_minutes,actual_delivery_time_minutes,cancelled,delivery_time,eta_error,is_delayed,is_peak_hour
10001,R41,D15,Bangalore,7,19,2.52,1,0.15,0.5,34.7,30.2,0,30.2,-4.5000000000000036,0,0
10002,R27,D29,Hyderabad,19,15,10.62,3,0.03,0.5,81.8,76.9,0,76.9,-4.8999999999999915,1,1
10003,R25,D11,Delhi,11,17,10.72,1,0.05,0.5,54.1,60.0,0,60.0,5.899999999999999,1,0
10004,R18,D90,Bangalore,20,39,11.07,3,0.08,3.4,85.9,101.9,1,101.9,16.0,1,1
10005,R18,D9,Mumbai,10,18,10.0,2,0.18,2.8,58.8,63.8,1,63.8,5.0,1,0
10006,R9,D66,Hyderabad,12,12,2.72,3,0.14,2.3,32.7,29.3,0,29.3,-3.400000000000002,0,1
10007,R35,D97,Delhi,10,12,4.76,1,0.89,3.8,40.5,32.2,0,32.2,-8.299999999999997,0,0
10008,R13,D20,Delhi,23,5,9.18,2,0.35,1.2,57.1,52.1,0,52.1,-5.0,1,0
10009,R49,D69,Mumbai,13,40,2.89,4,0.59,3.4,63.8,69.6,0,69.6,5.799999999999997,1,1
10010,R29,D16,Mumbai,13,6,9.03,3,0.04,4.5,60.3,57.2,0,57.2,-3.0999999999999943,1,1
10011,R9,D93,Hyderabad,13,31,3.26,2,0.37,3.4,43.0,49.8,0,49.8,6.799999999999997,1,1
10012,R16,D25,Mumbai,20,32,3.16,4,0.92,0.5,56.4,70.6,0,70.6,14.199999999999996,1,1
10013,R16,D22,Hyderabad,20,30,13.59,3,0.36,1.4,111.7,108.8,0,108.8,-2.9000000000000057,1,1
10014,R13,D38,Mumbai,1,25,1.33,3,0.66,0.4,33.6,43.5,0,43.5,9.899999999999999,0,0
10015,R37,D32,Bangalore,22,38,5.09,3,0.13,3.2,50.8,67.5,0,67.5,16.700000000000003,1,1
10016,R37,D13,Bangalore,21,13,14.03,5,0.35,3.5,96.9,113.7,0,113.7,16.799999999999997,1,1
10017,R20,D85,Bangalore,4,21,2.17,1,0.31,1.0,41.3,31.1,0,31.1,-10.199999999999996,0,0
10018,R6,D82,Hyderabad,1,5,5.34,1,0.26,2.8,14.3,26.8,0,26.8,12.5,0,0
10019,R24,D75,Mumbai,19,24,5.79,5,0.22,3.3,81.0,68.8,0,68.8,-12.200000000000003,1,1
10020,R16,D21,Mumbai,0,16,11.18,2,0.52,1.3,80.9,72.1,1,72.1,-8.800000000000011,1,0
10021,R30,D45,Delhi,7,19,0.84,1,0.07,3.2,31.3,20.1,0,20.1,-11.2,0,0
10022,R17,D23,Delhi,14,32,5.51,5,0.65,1.0,85.9,78.7,0,78.7,-7.200000000000003,1,1
10023,R48,D95,Mumbai,19,26,9.54,4,0.56,1.6,98.4,95.5,1,95.5,-2.9000000000000057,1,1
10024,R48,D23,Delhi,19,24,4.66,4,0.12,1.1,48.2,60.1,1,60.1,11.899999999999999,1,1
10025,R33,D85,Delhi,12,24,3.76,3,0.3,0.4,56.3,52.4,0,52.4,-3.8999999999999986,1,1
10026,R16,D19,Bangalore,3,32,3.67,4,0.82,0.6,66.5,66.7,1,66.7,0.20000000000000284,1,0
10027,R49,D57,Hyderabad,17,15,11.28,2,0.3,2.6,62.1,70.5,1,70.5,8.399999999999999,1,0
10028,R21,D70,Bangalore,12,29,10.56,4,0.01,1.0,99.8,95.9,0,95.9,-3.8999999999999915,1,1
10029,R49,D74,Hyderabad,21,24,11.43,5,0.19,3.0,85.7,101.8,1,101.8,16.099999999999994,1,1
10030,R44,D52,Mumbai,4,39,0.89,2,0.11,2.3,37.3,44.5,0,44.5,7.200000000000003,0,0
10031,R25,D36,Hyderabad,12,35,0.78,4,0.34,3.3,38.3,54.7,1,54.7,16.400000000000006,1,1
10032,R9,D61,Bangalore,20,34,10.64,5,0.03,4.1,107.8,115.4,0,115.4,7.6000000000000085,1,1
10033,R25,D51,Mumbai,14,20,1.98,5,0.65,3.9,44.9,46.7,0,46.7,1.8000000000000043,1,1
10034,R27,D63,Bangalore,21,34,10.76,4,0.59,2.7,96.8,105.7,0,105.7,8.900000000000006,1,1
10035,R6,D36,Hyderabad,13,29,5.38,4,0.07,1.4,67.9,69.4,1,69.4,1.5,1,1
10036,R16,D93,Hyderabad,20,35,9.87,4,0.24,1.5,97.1,101.3,0,101.3,4.200000000000003,1,1
10037,R22,D46,Hyderabad,13,19,2.25,3,0.02,1.1,34.5,35.8,0,35.8,1.2999999999999972,0,1
10038,R7,D25,Delhi,12,24,0.71,4,0.59,0.6,46.9,46.7,0,46.7,-0.19999999999999574,1,1
10039,R29,D44,Mumbai,8,35,2.15,1,0.1,4.1,40.8,41.1,0,41.1,0.30000000000000426,0,0
10040,R39,D80,Mumbai,15,33,13.67,2,0.12,4.8,83.8,92.9,1,92.9,9.100000000000009,1,0
10041,R16,D23,Bangalore,13,33,10.5,4,0.71,0.4,104.5,103.8,0,103.8,-0.7000000000000028,1,1
10042,R13,D55,Bangalore,20,22,12.49,2,0.03,1.4,90.6,79.3,0,79.3,-11.299999999999997,1,1
10043,R32,D57,Bangalore,22,25,9.25,1,0.05,0.1,68.5,62.6,1,62.6,-5.899999999999999,1,1
10044,R34,D84,Hyderabad,5,32,9.7,2,0.34,4.3,90.7,79.3,0,79.3,-11.400000000000006,1,0
10045,R36,D5,Hyderabad,13,25,2.18,5,0.6,2.3,48.3,50.3,0,50.3,2.0,1,1
10046,R4,D27,Delhi,21,33,13.27,4,0.45,1.6,123.2,115.0,1,115.0,-8.200000000000003,1,1
10047,R8,D83,Mumbai,21,37,10.73,4,0.1,1.0,93.1,108.0,0,108.0,14.900000000000006,1,1
10048,R27,D44,Delhi,9,24,12.64,3,0.13,1.7,103.6,94.5,0,94.5,-9.099999999999994,1,0
10049,R16,D74,Hyderabad,13,7,5.11,4,0.35,3.3,57.5,45.5,0,45.5,-12.0,1,1
10050,R7,D57,Bangalore,22,5,10.98,4,0.79,1.7,93.0,84.4,0,84.4,-8.599999999999994,1,1
10051,R25,D41,Hyderabad,1,9,3.9,3,0.64,3.8,30.0,38.0,1,38.0,8.0,0,0
10052,R21,D8,Delhi,22,14,4.04,4,0.27,1.9,39.0,49.0,0,49.0,10.0,1,1
10053,R30,D33,Bangalore,17,23,10.33,1,0.34,2.1,61.9,67.4,0,67.4,5.500000000000007,1,0
10054,R16,D49,Delhi,21,6,14.68,4,0.43,0.2,93.8,102.2,0,102.2,8.400000000000006,1,1
10055,R39,D46,Mumbai,21,13,9.61,5,0.13,3.7,64.5,76.2,1,76.2,11.700000000000003,1,1
10056,R35,D47,Delhi,8,35,14.53,2,0.17,3.8,95.5,100.6,0,100.6,5.099999999999994,1,0
10057,R36,D47,Bangalore,0,21,8.28,2,0.47,4.7,71.1,61.6,0,61.6,-9.499999999999993,1,0
10058,R40,D29,Bangalore,22,24,9.91,2,0.01,1.2,82.8,71.3,0,71.3,-11.5,1,1
10059,R35,D54,Mumbai,3,36,9.43,4,0.06,1.2,107.1,97.0,0,97.0,-10.099999999999994,1,0
10060,R4,D51,Delhi,12,34,1.83,3,0.13,4.9,45.9,46.3,0,46.3,0.3999999999999986,1,1
10061,R15,D43,Mumbai,0,22,12.95,1,0.3,0.1,70.3,77.6,1,77.6,7.299999999999997,1,0
10062,R4,D17,Hyderabad,19,35,7.0,3,0.38,3.6,83.3,81.0,1,81.0,-2.299999999999997,1,1
10063,R31,D52,Hyderabad,18,33,1.57,1,0.23,2.7,36.5,39.9,0,39.9,3.3999999999999986,0,0
10064,R7,D90,Bangalore,6,32,7.05,1,0.07,2.1,70.1,59.4,1,59.4,-10.699999999999996,1,0
10065,R6,D12,Hyderabad,14,28,12.27,4,0.12,1.8,111.1,106.5,0,106.5,-4.599999999999994,1,1
10066,R39,D40,Delhi,14,18,2.74,4,0.17,1.4,47.2,41.2,0,41.2,-6.0,0,1
10067,R44,D83,Bangalore,21,6,3.12,4,0.6,2.8,17.3,33.4,0,33.4,16.099999999999998,0,1
10068,R14,D49,Hyderabad,20,28,5.02,3,0.19,3.8,50.6,54.9,0,54.9,4.299999999999997,1,1
10069,R27,D35,Mumbai,3,27,6.73,2,0.14,2.0,49.5,60.2,1,60.2,10.700000000000003,1,0
10070,R17,D38,Delhi,13,32,3.05,3,0.4,0.4,69.0,58.4,0,58.4,-10.600000000000001,1,1
10071,R37,D55,Hyderabad,16,23,2.17,1,0.52,4.6,36.0,35.3,0,35.3,-0.7000000000000028,0,0
10072,R26,D40,Delhi,12,9,7.9,2,0.56,4.1,39.4,50.5,0,50.5,11.100000000000001,1,1
10073,R49,D98,Bangalore,14,36,7.23,4,0.47,4.9,83.8,87.6,0,87.6,3.799999999999997,1,1
10074,R41,D39,Delhi,21,37,1.58,4,0.35,4.9,52.4,52.0,0,52.0,-0.3999999999999986,1,1
10075,R48,D6,Hyderabad,6,25,9.27,2,0.38,4.9,74.9,70.7,0,70.7,-4.200000000000003,1,0
10076,R34,D67,Mumbai,21,29,6.43,3,0.12,0.5,72.2,69.5,0,69.5,-2.700000000000003,1,1
10077,R10,D43,Bangalore,20,27,5.0,4,0.13,2.8,69.7,65.6,0,65.6,-4.1000000000000085,1,1
10078,R44,D68,Bangalore,22,37,5.75,3,0.04,1.1,55.3,69.3,0,69.3,14.0,1,1
10079,R48,D68,Bangalore,4,29,2.74,1,0.45,0.2,46.5,45.2,0,45.2,-1.2999999999999972,1,0
10080,R29,D30,Mumbai,13,17,5.83,5,0.2,2.6,58.0,70.8,1,70.8,12.799999999999997,1,1
10081,R42,D62,Delhi,19,38,12.84,3,0.15,2.2,104.4,110.9,1,110.9,6.5,1,1
10082,R4,D51,Delhi,12,28,3.76,3,0.02,0.2,62.0,56.2,0,56.2,-5.799999999999997,1,1
10083,R40,D1,Bangalore,12,14,8.46,4,0.11,0.2,57.8,71.5,0,71.5,13.700000000000003,1,1
10084,R39,D69,Bangalore,20,14,4.72,1,0.43,2.6,43.0,36.4,0,36.4,-6.600000000000001,0,1
10085,R2,D50,Hyderabad,13,28,4.18,1,0.34,3.9,44.8,45.4,0,45.4,0.6000000000000014,1,1
10086,R12,D100,Hyderabad,18,16,12.27,1,0.16,1.0,79.1,66.4,0,66.4,-12.699999999999989,1,0
10087,R17,D5,Mumbai,12,26,4.46,5,0.78,1.7,77.7,70.8,1,70.8,-6.900000000000006,1,1
10088,R6,D94,Hyderabad,14,16,8.41,3,0.46,2.1,78.1,69.0,1,69.0,-9.099999999999994,1,1
10089,R28,D36,Bangalore,14,30,5.77,5,0.58,3.9,65.3,71.3,1,71.3,6.0,1,1
10090,R37,D5,Mumbai,11,28,6.94,1,0.03,4.8,61.5,51.1,1,51.1,-10.399999999999999,1,0
10091,R50,D34,Hyderabad,14,23,10.56,5,0.04,3.6,114.2,101.6,0,101.6,-12.600000000000009,1,1
10092,R46,D9,Delhi,5,16,12.01,2,0.28,0.1,75.5,76.0,0,76.0,0.5,1,0
10093,R6,D9,Delhi,22,38,6.46,4,0.11,2.3,81.3,81.8,0,81.8,0.5,1,1
10094,R50,D17,Hyderabad,19,12,8.01,3,0.69,2.6,71.6,59.9,0,59.9,-11.699999999999996,1,1
10095,R41,D39,Bangalore,20,14,2.98,4,0.18,4.3,25.2,34.3,0,34.3,9.099999999999998,0,1
10096,R37,D54,Bangalore,21,24,7.5,5,0.14,2.2,73.8,81.4,0,81.4,7.6000000000000085,1,1
10097,R47,D45,Hyderabad,13,37,8.64,3,0.09,1.5,95.4,86.4,1,86.4,-9.0,1,1
10098,R21,D74,Delhi,12,36,14.94,4,0.18,2.3,118.4,127.0,0,127.0,8.599999999999994,1,1
10099,R42,D87,Hyderabad,12,11,6.75,5,0.15,2.9,59.9,61.8,0,61.8,1.8999999999999986,1,1
10100,R18,D80,Bangalore,12,30,5.91,5,0.35,2.0,80.5,73.4,0,73.4,-7.099999999999994,1,1
10101,R10,D78,Mumbai,14,25,2.86,5,0.32,2.7,51.8,57.7,0,57.7,5.900000000000006,1,1
10102,R27,D75,Delhi,0,35,4.35,3,0.19,2.4,57.6,63.2,0,63.2,5.600000000000001,1,0
10103,R16,D5,Bangalore,13,25,6.57,4,0.04,4.2,69.7,69.9,0,69.9,0.20000000000000284,1,1
10104,R31,D68,Hyderabad,12,34,13.73,3,0.51,3.5,110.9,111.2,1,111.2,0.29999999999999716,1,1
10105,R20,D99,Delhi,18,25,7.46,3,0.19,2.7,77.3,71.1,1,71.1,-6.200000000000003,1,0
10106,R3,D37,Bangalore,13,21,11.34,3,0.17,0.5,97.3,87.1,1,87.1,-10.200000000000003,1,1
10107,R15,D7,Bangalore,22,11,10.38,2,0.59,4.4,54.0,62.4,1,62.4,8.399999999999999,1,1
10108,R4,D99,Bangalore,7,39,11.21,4,0.57,4.7,97.1,108.5,0,108.5,11.400000000000006,1,0
10109,R19,D5,Bangalore,14,11,13.96,3,0.81,0.7,86.1,93.2,0,93.2,7.1000000000000085,1,1
10110,R42,D33,Mumbai,13,23,8.73,5,0.54,2.6,76.2,89.0,1,89.0,12.799999999999997,1,1
10111,R16,D1,Delhi,22,22,14.33,3,0.2,0.3,97.8,99.7,0,99.7,1.9000000000000057,1,1
10112,R46,D99,Delhi,9,28,9.41,1,0.26,2.1,68.9,66.0,1,66.0,-2.9000000000000057,1,0
10113,R16,D88,Bangalore,21,9,13.8,2,0.17,0.8,80.8,76.3,0,76.3,-4.5,1,1
10114,R33,D58,Bangalore,22,34,8.68,4,0.13,0.0,94.4,90.4,0,90.4,-4.0,1,1
10115,R4,D9,Hyderabad,13,16,11.65,5,0.77,1.9,117.0,113.5,0,113.5,-3.5,1,1
10116,R35,D18,Delhi,14,30,8.17,4,0.04,3.4,72.1,81.7,1,81.7,9.600000000000009,1,1
10117,R18,D25,Bangalore,14,31,9.42,5,0.18,2.2,88.7,104.4,1,104.4,15.700000000000003,1,1
10118,R35,D28,Bangalore,13,19,12.33,4,0.06,1.5,85.7,93.7,1,93.7,8.0,1,1
10119,R38,D95,Mumbai,22,40,7.69,5,0.19,2.1,92.2,95.0,0,95.0,2.799999999999997,1,1
10120,R20,D91,Mumbai,1,40,6.48,2,0.11,0.4,81.0,73.1,1,73.1,-7.900000000000006,1,0
10121,R25,D87,Bangalore,6,40,3.65,1,0.18,1.0,66.0,55.6,0,55.6,-10.399999999999999,1,0
10122,R46,D27,Hyderabad,10,23,6.02,2,0.07,0.5,65.4,55.0,0,55.0,-10.400000000000006,1,0
10123,R27,D6,Mumbai,0,21,8.52,3,0.14,2.8,59.6,66.5,0,66.5,6.899999999999999,1,0
10124,R32,D93,Hyderabad,21,15,2.53,4,1.0,2.6,29.3,44.8,1,44.8,15.499999999999996,0,1
10125,R9,D81,Mumbai,12,5,3.67,4,0.97,3.3,21.8,38.3,0,38.3,16.499999999999996,0,1
10126,R35,D37,Bangalore,22,16,2.05,2,0.28,1.3,29.7,29.7,0,29.7,0.0,0,1
10127,R15,D39,Bangalore,1,10,6.38,2,0.1,4.2,49.5,37.3,0,37.3,-12.200000000000003,0,0
10128,R3,D30,Mumbai,18,22,1.18,1,0.19,4.6,30.1,24.5,0,24.5,-5.600000000000001,0,0
10129,R26,D10,Delhi,12,29,10.32,4,0.5,0.4,92.5,102.5,1,102.5,10.0,1,1
10130,R39,D99,Hyderabad,10,6,9.69,3,0.09,0.9,53.5,61.6,1,61.6,8.100000000000001,1,0
10131,R5,D11,Delhi,14,14,11.23,3,0.02,1.3,73.4,73.8,1,73.8,0.3999999999999915,1,1
10132,R2,D12,Delhi,21,29,0.68,4,0.82,1.2,43.4,52.3,0,52.3,8.899999999999999,1,1
10133,R10,D9,Mumbai,22,24,7.52,2,0.05,1.0,52.1,59.1,0,59.1,7.0,1,1
10134,R22,D57,Delhi,20,24,5.15,5,0.99,1.5,69.7,79.4,1,79.4,9.700000000000003,1,1
10135,R26,D47,Bangalore,6,39,3.11,3,0.01,4.0,65.1,58.2,0,58.2,-6.8999999999999915,1,0
10136,R9,D82,Delhi,14,14,10.87,5,0.01,2.5,102.5,95.8,1,95.8,-6.700000000000003,1,1
10137,R35,D77,Bangalore,12,27,2.91,4,0.86,1.7,50.1,60.4,0,60.4,10.299999999999997,1,1
10138,R36,D75,Mumbai,22,34,11.7,4,0.1,2.1,97.9,110.6,1,110.6,12.699999999999989,1,1
10139,R30,D27,Hyderabad,12,33,10.97,4,0.01,1.7,103.2,98.0,0,98.0,-5.200000000000003,1,1
10140,R36,D21,Delhi,22,19,12.07,4,0.46,4.4,86.9,97.5,1,97.5,10.599999999999994,1,1
10141,R46,D9,Bangalore,5,28,5.23,2,0.55,3.0,67.2,58.8,0,58.8,-8.400000000000006,1,0
10142,R44,D91,Delhi,2,13,5.04,1,0.02,3.0,29.5,30.4,0,30.4,0.8999999999999986,0,0
10143,R12,D72,Mumbai,20,16,5.06,4,0.01,4.1,58.0,54.5,0,54.5,-3.5,1,1
10144,R29,D63,Mumbai,12,19,4.74,3,0.27,3.8,55.6,49.3,0,49.3,-6.300000000000004,1,1
10145,R24,D70,Bangalore,17,39,3.67,2,0.7,0.2,76.7,67.7,1,67.7,-9.0,1,0
10146,R16,D27,Delhi,16,15,9.43,3,0.16,3.0,67.3,67.1,0,67.1,-0.20000000000000284,1,0
10147,R33,D87,Bangalore,13,8,14.89,5,0.55,4.1,117.2,116.9,1,116.9,-0.29999999999999716,1,1
10148,R27,D49,Hyderabad,12,30,7.98,3,0.19,0.0,77.7,80.9,0,80.9,3.200000000000003,1,1
10149,R23,D9,Hyderabad,13,18,7.67,3,0.65,3.9,73.6,71.8,0,71.8,-1.7999999999999972,1,1
10150,R2,D16,Mumbai,19,32,3.43,4,0.66,1.4,76.6,66.5,1,66.5,-10.099999999999994,1,1
10151,R26,D81,Delhi,7,32,10.0,3,0.0,3.4,94.2,81.6,1,81.6,-12.600000000000009,1,0
10152,R9,D62,Bangalore,12,11,2.0,3,0.93,3.2,32.2,30.9,0,30.9,-1.3000000000000043,0,1
10153,R23,D93,Mumbai,20,31,9.43,4,0.04,3.7,78.0,87.6,0,87.6,9.599999999999994,1,1
10154,R16,D71,Delhi,0,24,3.48,3,0.36,4.0,49.2,47.1,1,47.1,-2.1000000000000014,1,0
10155,R1,D47,Delhi,14,31,5.8,4,0.15,0.3,78.6,71.9,0,71.9,-6.699999999999989,1,1
10156,R41,D92,Hyderabad,22,10,9.79,4,0.63,4.9,77.0,71.1,0,71.1,-5.900000000000006,1,1
10157,R42,D9,Delhi,7,8,4.04,4,0.44,3.3,21.3,38.0,0,38.0,16.7,0,0
10158,R23,D67,Delhi,12,22,11.13,2,0.18,1.3,76.0,77.7,1,77.7,1.7000000000000028,1,1
10159,R37,D22,Delhi,12,12,3.81,4,0.01,1.9,37.5,37.9,0,37.9,0.3999999999999986,0,1
10160,R48,D84,Hyderabad,12,31,13.78,3,0.43,0.3,104.4,109.4,0,109.4,5.0,1,1
10161,R19,D100,Delhi,14,34,0.62,3,0.11,3.0,53.4,43.4,0,43.4,-10.0,0,1
10162,R16,D20,Bangalore,0,19,8.35,3,0.2,1.9,82.0,69.5,1,69.5,-12.5,1,0
10163,R4,D19,Delhi,12,38,6.49,5,0.09,3.2,91.8,88.9,1,88.9,-2.8999999999999915,1,1
10164,R19,D34,Delhi,15,25,5.11,2,0.01,0.8,49.0,49.9,0,49.9,0.8999999999999986,1,0
10165,R14,D58,Delhi,19,10,2.79,4,0.48,1.6,32.8,34.4,0,34.4,1.6000000000000014,0,1
10166,R17,D23,Bangalore,17,40,11.35,1,0.09,4.2,74.6,80.4,0,80.4,5.800000000000011,1,0
10167,R42,D11,Delhi,2,6,14.96,1,0.52,4.0,81.8,71.1,1,71.1,-10.700000000000003,1,0
10168,R47,D51,Hyderabad,14,32,3.01,3,0.04,3.1,49.5,50.0,1,50.0,0.5,1,1
10169,R18,D50,Mumbai,20,39,12.03,5,0.16,4.6,116.1,123.5,1,123.5,7.400000000000006,1,1
10170,R50,D36,Bangalore,18,38,5.68,3,0.05,2.7,83.8,72.4,0,72.4,-11.399999999999991,1,0
10171,R25,D46,Mumbai,14,25,12.19,4,0.88,2.8,114.4,105.0,0,105.0,-9.400000000000006,1,1
10172,R20,D23,Hyderabad,12,19,9.22,1,0.33,1.7,42.7,57.9,1,57.9,15.199999999999996,1,1
10173,R46,D19,Bangalore,11,9,5.92,4,0.08,0.8,58.5,56.0,1,56.0,-2.5,1,0
10174,R36,D89,Delhi,14,16,5.99,4,0.27,2.9,51.4,62.9,1,62.9,11.5,1,1
10175,R40,D29,Bangalore,4,26,11.31,1,0.2,3.5,61.7,70.7,1,70.7,9.0,1,0
10176,R5,D45,Delhi,0,8,6.1,3,0.19,2.7,43.8,41.3,0,41.3,-2.5,0,0
10177,R11,D58,Bangalore,1,23,0.79,2,0.02,0.4,43.9,31.3,0,31.3,-12.599999999999998,0,0
10178,R46,D4,Hyderabad,5,32,2.78,1,0.28,3.6,27.2,42.7,0,42.7,15.500000000000004,0,0
10179,R32,D20,Bangalore,22,10,4.77,4,0.12,1.5,38.3,43.4,0,43.4,5.100000000000001,0,1
10180,R43,D34,Bangalore,22,16,5.88,3,0.04,4.2,33.9,48.0,0,48.0,14.100000000000001,1,1
10181,R35,D53,Mumbai,22,38,6.57,4,0.17,0.4,99.9,89.9,0,89.9,-10.0,1,1
10182,R44,D80,Mumbai,13,16,14.26,3,0.04,3.4,91.7,90.8,1,90.8,-0.9000000000000057,1,1
10183,R47,D9,Bangalore,22,40,5.23,3,0.55,2.6,76.6,76.0,0,76.0,-0.5999999999999943,1,1
10184,R7,D14,Bangalore,11,31,4.33,3,0.11,3.1,68.3,58.9,0,58.9,-9.399999999999999,1,0
10185,R4,D96,Hyderabad,11,6,5.4,3,0.54,4.9,42.8,36.6,0,36.6,-6.199999999999996,0,0
10186,R47,D54,Bangalore,12,31,11.24,5,0.17,1.6,120.8,111.4,1,111.4,-9.399999999999991,1,1
10187,R13,D26,Bangalore,13,8,13.81,4,0.53,0.6,82.5,94.2,0,94.2,11.700000000000003,1,1
10188,R38,D71,Delhi,13,10,4.63,3,0.99,3.2,29.5,45.9,0,45.9,16.4,1,1
10189,R50,D88,Bangalore,20,16,9.22,1,0.72,3.2,47.1,56.5,0,56.5,9.399999999999999,1,1
10190,R44,D67,Hyderabad,19,37,14.99,5,0.17,3.4,132.3,139.5,1,139.5,7.199999999999989,1,1
10191,R42,D92,Delhi,14,20,13.55,5,0.44,3.6,116.6,121.0,1,121.0,4.400000000000006,1,1
10192,R3,D75,Mumbai,14,19,10.45,4,0.1,0.8,85.9,88.8,0,88.8,2.8999999999999915,1,1
10193,R47,D72,Mumbai,10,10,3.72,1,0.17,2.9,26.3,24.3,0,24.3,-2.0,0,0
10194,R40,D10,Hyderabad,23,12,13.08,2,0.06,1.0,70.0,73.3,1,73.3,3.299999999999997,1,0
10195,R46,D24,Bangalore,20,25,9.7,1,0.5,2.4,66.1,64.1,1,64.1,-2.0,1,1
10196,R31,D50,Bangalore,12,28,14.28,5,0.15,3.7,109.6,123.5,0,123.5,13.900000000000006,1,1
10197,R20,D22,Bangalore,9,23,7.11,2,0.1,5.0,66.6,56.4,0,56.4,-10.199999999999996,1,0
10198,R2,D30,Mumbai,4,18,11.14,3,0.03,4.4,89.9,77.1,0,77.1,-12.800000000000011,1,0
10199,R42,D3,Bangalore,16,33,6.01,2,0.26,1.5,67.1,65.9,1,65.9,-1.1999999999999886,1,0
10200,R7,D66,Bangalore,12,36,3.38,3,0.41,1.5,71.2,60.2,1,60.2,-11.0,1,1
10201,R1,D2,Bangalore,18,14,14.27,3,0.49,2.3,105.1,97.7,0,97.7,-7.3999999999999915,1,0
10202,R19,D47,Delhi,19,11,12.84,5,0.0,4.5,96.2,102.0,1,102.0,5.799999999999997,1,1
10203,R8,D52,Hyderabad,8,29,10.5,2,0.08,3.6,90.4,80.1,0,80.1,-10.300000000000011,1,0
10204,R37,D87,Hyderabad,13,27,9.36,5,0.18,2.4,104.8,102.2,1,102.2,-2.5999999999999943,1,1
10205,R44,D68,Mumbai,10,38,8.08,3,0.02,3.4,94.0,81.4,1,81.4,-12.599999999999994,1,0
10206,R42,D21,Hyderabad,5,9,11.4,2,0.07,1.9,63.6,63.4,1,63.4,-0.20000000000000284,1,0
10207,R32,D58,Delhi,13,6,1.99,4,0.2,3.1,28.6,25.5,0,25.5,-3.1000000000000014,0,1
10208,R24,D7,Mumbai,10,40,11.63,3,0.14,3.3,106.6,99.6,0,99.6,-7.0,1,0
10209,R24,D90,Bangalore,12,36,2.54,4,0.14,4.7,59.3,54.8,1,54.8,-4.5,1,1
10210,R27,D6,Bangalore,17,34,10.05,5,0.03,4.7,118.5,107.9,1,107.9,-10.599999999999994,1,0
10211,R38,D23,Mumbai,14,25,7.81,3,0.2,4.8,68.1,72.7,0,72.7,4.6000000000000085,1,1
10212,R48,D66,Delhi,10,40,9.67,1,0.32,4.9,82.2,78.4,1,78.4,-3.799999999999997,1,0
10213,R8,D98,Delhi,22,39,4.65,5,0.16,3.4,68.7,77.1,1,77.1,8.399999999999991,1,1
10214,R4,D89,Delhi,14,7,5.7,4,0.12,3.2,48.8,44.9,0,44.9,-3.8999999999999986,0,1
10215,R4,D49,Hyderabad,21,40,1.28,4,0.04,1.1,59.0,58.3,0,58.3,-0.7000000000000028,1,1
10216,R13,D100,Mumbai,12,9,3.21,3,0.1,0.7,37.0,32.7,0,32.7,-4.299999999999997,0,1
10217,R10,D42,Bangalore,9,36,11.95,3,0.81,2.6,102.2,107.1,1,107.1,4.8999999999999915,1,0
10218,R14,D85,Delhi,13,18,14.28,4,0.42,0.6,118.7,108.1,1,108.1,-10.600000000000009,1,1
10219,R3,D88,Delhi,19,29,4.22,4,0.0,2.5,52.3,59.7,1,59.7,7.400000000000006,1,1
10220,R7,D22,Bangalore,20,18,13.04,4,0.88,3.9,96.9,109.3,0,109.3,12.399999999999991,1,1
10221,R22,D5,Bangalore,12,21,8.59,4,0.3,2.2,77.8,75.6,0,75.6,-2.200000000000003,1,1
10222,R49,D96,Bangalore,2,27,13.96,1,0.32,2.2,83.4,84.4,1,84.4,1.0,1,0
10223,R26,D70,Delhi,4,24,10.32,4,0.75,2.8,95.9,95.0,0,95.0,-0.9000000000000057,1,0
10224,R6,D40,Mumbai,11,18,6.48,3,0.26,1.0,66.0,57.5,0,57.5,-8.5,1,0
10225,R36,D60,Bangalore,12,21,1.92,4,0.33,0.5,43.8,47.3,0,47.3,3.5,1,1
10226,R20,D89,Mumbai,21,25,14.4,3,0.51,1.4,105.4,108.0,1,108.0,2.5999999999999943,1,1
10227,R50,D40,Hyderabad,20,10,12.71,5,0.71,0.4,82.3,98.4,0,98.4,16.10000000000001,1,1
10228,R26,D99,Mumbai,8,39,13.46,2,0.76,2.9,91.8,106.1,1,106.1,14.299999999999997,1,0
10229,R1,D85,Mumbai,5,37,2.54,1,0.11,3.7,33.1,43.1,0,43.1,10.0,0,0
10230,R15,D6,Mumbai,21,29,7.31,4,0.59,2.6,87.9,88.6,1,88.6,0.6999999999999886,1,1
10231,R42,D49,Delhi,19,38,4.15,5,0.04,4.0,72.4,76.2,1,76.2,3.799999999999997,1,1
10232,R33,D83,Delhi,12,15,5.75,4,0.29,2.4,65.4,57.4,1,57.4,-8.000000000000007,1,1
10233,R3,D17,Mumbai,14,7,13.42,2,0.03,4.8,73.4,65.8,0,65.8,-7.6000000000000085,1,1
10234,R14,D58,Hyderabad,5,19,12.54,3,0.53,1.3,94.0,93.3,1,93.3,-0.7000000000000028,1,0
10235,R25,D17,Bangalore,14,37,10.42,5,0.12,4.4,115.6,112.8,0,112.8,-2.799999999999997,1,1
10236,R35,D1,Hyderabad,21,7,10.62,4,0.19,4.0,73.6,77.8,1,77.8,4.200000000000003,1,1
10237,R50,D30,Bangalore,14,31,4.24,1,0.15,1.9,34.4,48.2,0,48.2,13.800000000000004,1,1
10238,R38,D33,Delhi,16,28,9.37,5,0.08,0.9,98.7,98.4,0,98.4,-0.29999999999999716,1,0
10239,R26,D95,Mumbai,3,19,6.98,3,0.03,2.8,72.5,60.6,1,60.6,-11.899999999999999,1,0
10240,R6,D19,Hyderabad,16,10,1.43,1,0.75,3.1,32.8,21.4,0,21.4,-11.399999999999999,0,0
10241,R41,D64,Hyderabad,14,38,4.65,1,0.12,0.2,70.0,57.1,0,57.1,-12.899999999999999,1,1
10242,R23,D86,Hyderabad,20,38,0.72,4,0.18,2.9,63.2,51.3,0,51.3,-11.900000000000006,1,1
10243,R26,D74,Bangalore,13,37,2.04,2,0.92,4.4,67.3,55.3,0,55.3,-12.0,1,1
10244,R50,D32,Delhi,17,34,13.5,4,0.3,1.1,117.1,123.5,0,123.5,6.400000000000006,1,0
10245,R45,D34,Mumbai,13,26,1.6,5,0.1,4.7,37.5,48.5,0,48.5,11.0,1,1
10246,R17,D27,Mumbai,12,27,2.76,2,0.47,3.8,43.5,41.9,0,41.9,-1.6000000000000014,0,1
10247,R37,D36,Hyderabad,14,22,6.27,5,0.77,0.2,78.7,82.0,1,82.0,3.299999999999997,1,1
10248,R34,D59,Delhi,0,18,6.0,1,0.07,1.3,37.4,41.7,0,41.7,4.300000000000004,0,0
10249,R49,D48,Delhi,8,33,3.11,1,0.12,1.2,57.5,45.7,1,45.7,-11.799999999999997,1,0
10250,R1,D23,Hyderabad,21,36,4.85,4,0.11,4.1,63.3,70.3,1,70.3,7.0,1,1
10251,R36,D72,Delhi,13,12,5.59,4,0.12,4.9,53.5,47.3,0,47.3,-6.200000000000003,1,1
10252,R6,D49,Delhi,20,15,9.79,5,0.76,0.4,95.9,91.6,0,91.6,-4.300000000000011,1,1
10253,R26,D35,Hyderabad,11,38,14.5,2,0.21,4.7,91.5,105.4,1,105.4,13.900000000000006,1,0
10254,R31,D71,Bangalore,13,38,11.59,2,0.86,1.5,84.9,98.0,0,98.0,13.099999999999994,1,1
10255,R2,D5,Delhi,10,35,7.27,4,0.65,2.7,98.4,89.1,1,89.1,-9.300000000000011,1,0
10256,R41,D82,Delhi,18,39,3.79,1,0.06,2.6,51.6,52.5,0,52.5,0.8999999999999986,1,0
10257,R32,D97,Hyderabad,13,23,9.16,5,0.11,1.2,83.8,94.2,1,94.2,10.400000000000006,1,1
10258,R41,D31,Delhi,14,39,12.23,4,0.27,3.1,99.2,115.6,1,115.6,16.39999999999999,1,1
10259,R35,D3,Mumbai,9,22,2.31,2,0.0,2.1,38.8,34.9,0,34.9,-3.8999999999999986,0,0
10260,R6,D97,Mumbai,13,9,8.38,3,0.18,4.9,44.0,53.6,0,53.6,9.600000000000001,1,1
10261,R13,D59,Bangalore,20,35,6.14,5,0.26,2.7,75.5,81.7,1,81.7,6.200000000000003,1,1
10262,R43,D28,Bangalore,13,25,0.72,5,0.7,2.9,58.1,52.0,0,52.0,-6.100000000000001,1,1
10263,R32,D12,Delhi,1,8,5.66,1,0.11,2.8,32.7,27.7,0,27.7,-5.0000000000000036,0,0
10264,R25,D46,Mumbai,12,36,10.75,4,0.11,1.6,113.9,105.1,1,105.1,-8.800000000000011,1,1
10265,R34,D20,Hyderabad,13,39,5.82,1,0.13,4.3,60.7,58.0,0,58.0,-2.700000000000003,1,1
10266,R25,D25,Hyderabad,4,23,5.18,3,0.41,0.6,46.4,60.4,0,60.4,14.0,1,0
10267,R25,D85,Hyderabad,21,8,5.81,4,0.01,4.4,44.0,44.3,0,44.3,0.29999999999999716,0,1
10268,R27,D48,Bangalore,8,38,1.09,1,0.06,3.6,29.6,39.1,0,39.1,9.5,0,0
10269,R12,D72,Hyderabad,11,34,10.69,2,0.02,3.3,91.3,81.2,0,81.2,-10.099999999999994,1,0
10270,R21,D48,Hyderabad,16,25,9.32,3,0.04,4.8,85.3,72.8,0,72.8,-12.5,1,0
10271,R34,D18,Delhi,12,18,12.91,1,0.16,2.8,62.9,69.2,1,69.2,6.300000000000004,1,1
10272,R24,D75,Mumbai,13,10,8.77,4,0.04,2.4,55.5,69.6,0,69.6,14.099999999999994,1,1
10273,R3,D94,Hyderabad,12,26,5.54,5,0.08,3.3,65.2,70.7,1,70.7,5.5,1,1
10274,R3,D41,Mumbai,14,19,2.72,4,0.2,0.5,39.2,46.1,0,46.1,6.899999999999999,1,1
10275,R48,D7,Hyderabad,13,37,6.8,4,0.15,2.9,75.0,84.7,1,84.7,9.700000000000003,1,1
10276,R28,D42,Bangalore,13,32,5.8,3,0.07,1.7,65.1,68.9,0,68.9,3.8000000000000114,1,1
10277,R15,D26,Delhi,14,10,2.13,2,0.57,0.1,10.8,27.1,0,27.1,16.3,0,1
10278,R35,D28,Mumbai,21,40,7.5,4,0.03,3.3,92.0,85.3,0,85.3,-6.700000000000003,1,1
10279,R4,D60,Bangalore,14,22,10.11,5,0.72,1.9,117.5,107.4,0,107.4,-10.099999999999994,1,1
10280,R39,D69,Bangalore,14,34,8.63,4,0.01,3.7,76.7,84.6,0,84.6,7.8999999999999915,1,1
10281,R33,D36,Bangalore,22,6,14.19,5,0.05,3.6,104.6,101.0,1,101.0,-3.5999999999999943,1,1
10282,R37,D20,Hyderabad,10,33,8.36,1,0.92,1.5,87.8,74.9,0,74.9,-12.899999999999991,1,0
10283,R10,D84,Mumbai,14,39,14.25,2,0.55,4.4,118.2,107.2,0,107.2,-11.0,1,1
10284,R48,D36,Mumbai,3,13,3.18,3,0.12,1.2,33.9,36.6,0,36.6,2.700000000000003,0,0
10285,R39,D61,Delhi,13,36,7.37,3,0.99,4.8,75.5,86.4,1,86.4,10.900000000000006,1,1
10286,R29,D79,Hyderabad,17,20,6.7,3,0.12,4.7,60.9,56.8,1,56.8,-4.100000000000001,1,0
10287,R7,D58,Hyderabad,1,20,8.02,2,0.42,0.2,70.4,62.6,0,62.6,-7.800000000000004,1,0
10288,R28,D38,Bangalore,4,34,12.53,2,0.91,3.5,86.2,97.8,0,97.8,11.599999999999994,1,0
10289,R46,D26,Hyderabad,13,15,10.92,2,0.02,1.9,60.4,66.0,1,66.0,5.600000000000001,1,1
10290,R50,D22,Delhi,20,15,13.1,3,0.37,2.2,78.3,89.2,0,89.2,10.900000000000006,1,1
10291,R17,D2,Hyderabad,22,39,12.21,4,0.1,2.2,106.3,115.0,0,115.0,8.700000000000003,1,1
10292,R14,D7,Mumbai,14,27,1.03,5,0.72,0.2,52.1,50.8,0,50.8,-1.3000000000000043,1,1
10293,R39,D74,Mumbai,11,7,1.85,2,0.07,2.8,8.0,15.3,0,15.3,7.300000000000001,0,0
10294,R34,D27,Mumbai,19,38,14.81,4,0.14,3.0,118.9,125.3,1,125.3,6.3999999999999915,1,1
10295,R37,D64,Hyderabad,20,19,10.77,5,0.0,4.2,90.4,97.4,0,97.4,7.0,1,1
10296,R41,D28,Bangalore,21,21,11.96,3,0.33,1.7,80.2,91.9,1,91.9,11.700000000000003,1,1
10297,R22,D87,Hyderabad,1,13,7.48,3,0.41,2.1,67.4,62.7,1,62.7,-4.700000000000003,1,0
10298,R35,D3,Mumbai,21,27,1.46,2,0.17,0.8,44.6,38.1,0,38.1,-6.5,0,1
10299,R21,D91,Bangalore,12,36,13.22,3,0.17,1.9,104.6,106.4,0,106.4,1.8000000000000114,1,1
10300,R33,D20,Mumbai,13,38,5.0,3,0.15,5.0,73.5,64.6,1,64.6,-8.900000000000006,1,1
10301,R20,D6,Bangalore,12,11,8.05,4,0.72,1.6,63.5,67.3,1,67.3,3.799999999999997,1,1
10302,R10,D21,Delhi,14,40,7.95,3,0.33,1.4,78.7,85.5,1,85.5,6.799999999999997,1,1
10303,R9,D4,Hyderabad,1,11,6.06,1,0.48,3.5,25.3,36.4,0,36.4,11.099999999999998,0,0
10304,R35,D11,Hyderabad,19,34,1.91,3,0.79,0.7,46.8,58.3,0,58.3,11.5,1,1
10305,R22,D42,Hyderabad,19,35,2.14,4,0.17,2.5,56.7,57.0,1,57.0,0.29999999999999716,1,1
10306,R20,D69,Hyderabad,22,20,9.5,4,0.35,3.0,84.0,84.7,1,84.7,0.7000000000000028,1,1
10307,R43,D86,Bangalore,18,12,9.09,2,0.67,0.3,58.1,63.7,0,63.7,5.600000000000001,1,0
10308,R43,D8,Bangalore,12,5,11.48,4,0.09,1.0,84.9,81.5,0,81.5,-3.4000000000000057,1,1
10309,R28,D92,Delhi,0,37,6.36,1,0.06,3.5,67.2,58.2,0,58.2,-9.0,1,0
10310,R45,D76,Hyderabad,22,30,6.03,4,0.13,4.6,73.8,70.7,1,70.7,-3.0999999999999943,1,1
10311,R5,D83,Bangalore,13,32,14.64,2,0.94,3.5,105.6,109.9,0,109.9,4.300000000000011,1,1
10312,R25,D46,Mumbai,14,5,8.88,5,0.05,1.8,62.8,76.4,0,76.4,13.600000000000009,1,1
10313,R45,D11,Mumbai,23,22,7.24,1,0.24,4.8,39.8,47.4,1,47.4,7.600000000000001,1,0
10314,R22,D69,Bangalore,22,26,6.6,5,0.61,3.7,83.9,86.7,1,86.7,2.799999999999997,1,1
10315,R4,D85,Delhi,0,23,7.53,1,0.51,1.4,68.2,57.9,0,57.9,-10.300000000000004,1,0
10316,R43,D58,Delhi,8,20,7.53,3,0.17,4.7,63.3,57.2,0,57.2,-6.099999999999994,1,0
10317,R29,D93,Mumbai,14,27,1.29,3,0.16,2.4,47.2,43.7,0,43.7,-3.5,0,1
10318,R17,D19,Hyderabad,13,29,10.34,5,0.22,4.8,93.8,100.8,1,100.8,7.0,1,1
10319,R7,D33,Hyderabad,20,17,8.04,4,0.2,0.3,66.1,72.6,0,72.6,6.5,1,1
10320,R17,D25,Bangalore,12,8,14.11,4,0.58,0.6,112.3,102.3,0,102.3,-10.0,1,1
10321,R12,D15,Mumbai,13,9,9.76,5,0.37,1.6,72.1,77.6,1,77.6,5.5,1,1
10322,R4,D34,Delhi,12,36,14.7,3,0.08,2.2,106.4,115.6,1,115.6,9.199999999999989,1,1
10323,R5,D74,Delhi,0,36,2.66,3,0.47,4.5,52.7,55.0,0,55.0,2.299999999999997,1,0
10324,R47,D100,Bangalore,19,29,14.34,5,0.1,3.4,109.7,124.0,0,124.0,14.299999999999997,1,1
10325,R22,D11,Hyderabad,9,17,3.06,1,0.88,3.2,35.9,30.8,0,30.8,-5.099999999999998,0,0
10326,R13,D4,Mumbai,19,39,9.83,4,0.19,1.7,92.3,102.9,0,102.9,10.600000000000009,1,1
10327,R34,D59,Mumbai,7,9,1.03,1,0.13,3.5,8.0,12.1,0,12.1,4.1,0,0
10328,R30,D79,Mumbai,2,11,2.16,3,0.12,4.2,32.2,28.7,0,28.7,-3.5000000000000036,0,0
10329,R21,D28,Bangalore,21,9,2.25,2,0.08,4.6,16.9,15.5,0,15.5,-1.3999999999999986,0,1
10330,R2,D63,Bangalore,12,10,10.75,4,0.06,0.6,66.5,76.3,1,76.3,9.799999999999997,1,1
10331,R45,D5,Mumbai,2,24,5.54,1,0.05,1.8,51.5,45.4,0,45.4,-6.100000000000001,1,0
10332,R18,D7,Mumbai,12,35,7.71,3,0.18,1.3,68.6,82.5,1,82.5,13.900000000000006,1,1
10333,R35,D23,Mumbai,18,37,2.18,4,0.14,3.4,42.8,56.9,0,56.9,14.100000000000001,1,0
10334,R13,D49,Mumbai,14,36,1.29,4,0.04,2.3,42.5,49.4,1,49.4,6.899999999999999,1,1
10335,R37,D8,Delhi,13,34,6.56,5,0.32,4.8,80.5,90.6,1,90.6,10.099999999999994,1,1
10336,R34,D63,Mumbai,22,22,0.71,4,0.17,4.6,31.9,36.4,1,36.4,4.5,0,1
10337,R31,D94,Bangalore,22,35,12.24,4,0.4,3.5,102.0,111.8,0,111.8,9.799999999999997,1,1
10338,R2,D62,Delhi,13,6,14.66,4,0.67,3.1,93.3,98.8,0,98.8,5.5,1,1
10339,R34,D5,Delhi,21,39,8.84,3,0.73,2.6,92.0,97.5,0,97.5,5.5,1,1
10340,R3,D47,Delhi,14,9,8.63,5,0.33,3.7,83.5,77.9,0,77.9,-5.599999999999994,1,1
10341,R21,D46,Delhi,22,22,1.29,3,0.09,2.7,30.1,36.1,0,36.1,6.0,0,1
10342,R45,D9,Mumbai,17,10,1.66,4,0.06,3.5,28.6,26.8,0,26.8,-1.8000000000000007,0,0
10343,R44,D70,Mumbai,22,33,11.2,1,0.21,2.6,83.7,77.1,0,77.1,-6.6000000000000085,1,1
10344,R43,D90,Hyderabad,20,24,2.99,3,0.1,1.8,48.2,43.8,0,43.8,-4.400000000000006,0,1
10345,R12,D91,Mumbai,12,7,14.91,4,0.35,3.3,115.2,102.9,0,102.9,-12.299999999999997,1,1
10346,R8,D4,Hyderabad,4,34,13.95,1,0.42,1.5,106.9,94.1,0,94.1,-12.800000000000011,1,0
10347,R37,D94,Hyderabad,12,35,13.55,2,0.32,2.2,98.0,97.5,1,97.5,-0.5,1,1
10348,R50,D36,Mumbai,14,33,10.32,5,0.36,2.6,110.0,105.5,1,105.5,-4.5,1,1
10349,R25,D48,Bangalore,13,24,14.67,5,0.78,4.0,123.5,127.8,0,127.8,4.299999999999997,1,1
10350,R9,D76,Bangalore,13,35,14.83,4,0.07,0.0,125.8,128.9,0,128.9,3.1000000000000085,1,1
10351,R9,D26,Mumbai,9,40,7.61,4,0.43,1.1,99.1,96.9,0,96.9,-2.1999999999999886,1,0
10352,R8,D84,Delhi,22,20,0.91,5,0.1,2.4,48.8,36.6,0,36.6,-12.199999999999996,0,1
10353,R24,D66,Bangalore,5,8,2.62,2,0.14,3.2,25.1,22.9,0,22.9,-2.200000000000003,0,0
10354,R13,D99,Mumbai,5,39,5.18,2,0.52,1.8,56.3,69.2,1,69.2,12.900000000000006,1,0
10355,R50,D63,Hyderabad,12,11,3.66,4,0.52,4.8,52.4,45.3,0,45.3,-7.100000000000001,1,1
10356,R5,D15,Mumbai,18,27,5.02,2,0.56,1.7,44.1,54.4,0,54.4,10.299999999999997,1,0
10357,R10,D89,Mumbai,12,13,14.73,4,0.15,2.2,100.8,100.0,0,100.0,-0.7999999999999972,1,1
10358,R17,D6,Bangalore,12,11,11.84,5,0.04,0.5,93.4,100.0,1,100.0,6.599999999999994,1,1
10359,R33,D100,Mumbai,19,11,12.38,5,0.11,3.8,99.9,89.3,0,89.3,-10.600000000000009,1,1
10360,R31,D47,Mumbai,19,16,12.6,5,0.41,1.6,101.6,107.8,1,107.8,6.200000000000003,1,1
10361,R47,D6,Bangalore,12,29,4.61,4,0.06,1.5,75.8,67.6,0,67.6,-8.200000000000003,1,1
10362,R44,D48,Mumbai,14,36,10.25,3,0.1,3.5,81.6,93.5,1,93.5,11.900000000000006,1,1
10363,R13,D44,Mumbai,22,12,3.88,4,0.1,3.8,47.7,44.7,0,44.7,-3.0,0,1
10364,R32,D66,Delhi,13,11,2.27,4,0.58,4.2,35.3,34.2,0,34.2,-1.0999999999999943,0,1
10365,R20,D80,Bangalore,23,36,11.99,1,0.13,4.3,79.5,83.6,0,83.6,4.099999999999994,1,0
10366,R25,D58,Delhi,17,34,1.02,1,0.13,2.2,36.6,36.5,0,36.5,-0.10000000000000142,0,0
10367,R36,D88,Hyderabad,20,37,1.31,3,0.35,1.4,44.9,50.9,0,50.9,6.0,1,1
10368,R38,D4,Delhi,22,27,14.88,4,0.01,0.4,109.0,120.9,0,120.9,11.900000000000006,1,1
10369,R3,D59,Hyderabad,22,22,0.8,4,0.0,0.5,34.3,36.4,0,36.4,2.1000000000000014,0,1
10370,R43,D44,Mumbai,21,32,3.43,4,0.19,1.3,61.6,59.9,0,59.9,-1.7000000000000028,1,1
10371,R46,D75,Bangalore,21,9,8.71,4,0.34,2.5,62.9,67.5,1,67.5,4.600000000000001,1,1
10372,R33,D59,Mumbai,23,16,8.86,1,0.79,2.7,58.9,58.9,0,58.9,0.0,1,0
10373,R34,D26,Delhi,20,14,11.32,5,0.94,3.2,92.6,104.8,0,104.8,12.200000000000003,1,1
10374,R16,D52,Mumbai,12,6,4.06,5,0.42,0.2,49.9,42.8,0,42.8,-7.100000000000001,0,1
10375,R12,D83,Bangalore,18,6,1.3,4,0.63,4.5,38.1,29.9,0,29.9,-8.200000000000003,0,0
10376,R16,D15,Bangalore,21,36,13.33,3,0.02,1.9,96.8,109.5,1,109.5,12.700000000000003,1,1
10377,R18,D57,Hyderabad,14,8,7.61,3,0.33,4.8,60.4,55.9,0,55.9,-4.5,1,1
10378,R2,D83,Bangalore,1,20,4.17,2,0.48,2.7,56.4,44.6,0,44.6,-11.799999999999997,0,0
10379,R17,D39,Bangalore,7,24,3.55,4,0.45,2.0,64.5,53.3,0,53.3,-11.200000000000003,1,0
10380,R27,D43,Hyderabad,3,15,10.63,2,0.44,2.3,66.6,64.7,0,64.7,-1.8999999999999915,1,0
10381,R9,D1,Hyderabad,13,25,8.85,2,0.49,0.7,68.6,72.1,0,72.1,3.5,1,1
10382,R9,D34,Mumbai,10,23,3.38,2,0.98,1.1,57.5,55.7,0,55.7,-1.7999999999999972,1,0
10383,R30,D26,Delhi,5,8,6.32,2,0.75,0.6,43.4,46.8,0,46.8,3.3999999999999986,1,0
10384,R8,D29,Mumbai,13,23,11.32,3,0.28,3.6,65.9,82.0,0,82.0,16.099999999999994,1,1
10385,R16,D80,Hyderabad,11,34,1.74,2,0.17,1.9,45.6,45.9,1,45.9,0.29999999999999716,1,0
10386,R16,D61,Delhi,1,5,4.18,3,0.75,2.8,47.2,36.3,0,36.3,-10.900000000000006,0,0
10387,R9,D12,Delhi,16,14,4.28,2,0.2,1.8,45.9,38.0,0,38.0,-7.899999999999999,0,0
10388,R34,D41,Hyderabad,10,36,11.57,1,0.17,0.7,86.9,82.7,1,82.7,-4.200000000000003,1,0
10389,R32,D6,Hyderabad,22,34,7.65,5,0.64,0.9,105.4,95.7,0,95.7,-9.700000000000003,1,1
10390,R38,D1,Mumbai,19,20,11.64,4,0.21,2.0,83.3,95.7,1,95.7,12.400000000000006,1,1
10391,R46,D85,Hyderabad,21,5,5.28,1,0.98,4.5,33.2,26.2,0,26.2,-7.0000000000000036,0,1
10392,R4,D96,Bangalore,22,10,6.28,3,0.64,0.8,56.7,54.1,1,54.1,-2.6000000000000014,1,1
10393,R32,D56,Delhi,4,27,10.15,4,0.1,2.8,91.6,90.2,1,90.2,-1.3999999999999915,1,0
10394,R28,D12,Bangalore,22,19,9.89,4,0.19,2.3,93.2,80.7,0,80.7,-12.5,1,1
10395,R20,D32,Hyderabad,12,40,1.61,1,0.37,2.8,45.7,47.6,1,47.6,1.8999999999999986,1,1
10396,R43,D60,Mumbai,15,7,1.71,4,0.43,3.1,15.4,26.8,0,26.8,11.4,0,0
10397,R48,D78,Delhi,3,32,8.25,1,0.27,4.3,65.3,63.7,0,63.7,-1.5999999999999943,1,0
10398,R24,D89,Hyderabad,2,13,2.46,1,0.16,2.4,29.5,20.8,0,20.8,-8.7,0,0
10399,R6,D39,Hyderabad,13,6,2.19,5,0.15,2.2,23.1,28.3,0,28.3,5.199999999999999,0,1
10400,R7,D81,Hyderabad,18,40,14.99,1,0.89,4.5,87.6,104.0,0,104.0,16.400000000000006,1,0
10401,R36,D9,Delhi,16,35,2.2,3,0.13,3.6,51.0,50.4,0,50.4,-0.6000000000000014,1,0
10402,R39,D92,Hyderabad,13,29,14.42,5,0.49,4.2,132.6,129.6,1,129.6,-3.0,1,1
10403,R13,D21,Hyderabad,13,36,4.9,3,0.01,0.8,54.1,69.2,1,69.2,15.100000000000001,1,1
10404,R40,D30,Bangalore,22,21,14.91,5,0.82,4.3,119.9,135.4,0,135.4,15.5,1,1
10405,R30,D97,Bangalore,3,40,1.11,1,0.13,1.5,29.9,43.9,0,43.9,14.0,0,0
10406,R22,D18,Bangalore,17,31,11.65,1,0.17,1.3,68.1,77.7,0,77.7,9.600000000000009,1,0
10407,R34,D54,Mumbai,13,31,13.81,5,0.87,2.2,124.6,139.5,1,139.5,14.900000000000006,1,1
10408,R26,D99,Mumbai,22,7,10.07,4,0.22,3.3,75.2,71.8,0,71.8,-3.4000000000000057,1,1
10409,R20,D93,Delhi,0,22,13.55,3,0.86,3.1,110.3,102.9,0,102.9,-7.3999999999999915,1,0
10410,R50,D26,Delhi,14,26,6.15,4,0.18,2.6,50.9,67.2,0,67.2,16.300000000000004,1,1
10411,R35,D76,Delhi,13,32,14.81,2,0.01,0.2,107.6,102.5,0,102.5,-5.099999999999994,1,1
10412,R16,D96,Mumbai,21,13,10.86,4,0.33,1.8,66.7,81.2,1,81.2,14.5,1,1
10413,R9,D61,Mumbai,21,38,6.34,4,0.55,5.0,82.4,86.9,1,86.9,4.5,1,1
10414,R33,D17,Hyderabad,4,37,13.02,1,0.9,1.8,84.0,97.4,0,97.4,13.400000000000006,1,0
10415,R3,D67,Mumbai,13,28,4.9,4,0.16,4.5,61.9,64.2,1,64.2,2.3000000000000043,1,1
10416,R23,D9,Bangalore,21,33,13.55,5,0.49,2.5,139.1,130.1,1,130.1,-9.0,1,1
10417,R40,D86,Hyderabad,22,26,8.34,5,0.86,3.5,97.6,97.8,1,97.8,0.20000000000000284,1,1
10418,R36,D11,Mumbai,1,38,3.25,2,0.18,0.1,67.8,58.2,0,58.2,-9.599999999999994,1,0
10419,R35,D78,Delhi,19,36,13.0,1,0.09,1.3,75.0,87.7,1,87.7,12.700000000000003,1,1
10420,R6,D20,Delhi,5,8,9.41,2,0.01,2.1,37.2,50.6,0,50.6,13.399999999999999,1,0
10421,R49,D77,Mumbai,22,12,4.4,3,0.23,4.6,21.5,35.5,0,35.5,14.0,0,1
10422,R42,D17,Delhi,22,10,12.77,4,0.16,1.2,80.2,95.9,0,95.9,15.700000000000003,1,1
10423,R40,D38,Mumbai,13,22,9.17,5,0.08,2.6,75.8,83.8,1,83.8,8.0,1,1
10424,R8,D18,Delhi,6,37,14.38,2,0.34,2.3,104.4,107.6,0,107.6,3.1999999999999886,1,0
10425,R2,D89,Mumbai,19,35,0.56,1,0.03,2.0,34.6,35.4,0,35.4,0.7999999999999972,0,1
10426,R43,D57,Bangalore,22,27,6.11,5,0.16,1.0,75.9,72.5,0,72.5,-3.4000000000000057,1,1
10427,R13,D12,Delhi,7,19,14.71,5,0.4,0.0,122.9,131.6,0,131.6,8.699999999999989,1,0
10428,R11,D71,Mumbai,5,9,9.03,3,0.94,3.6,82.7,70.6,0,70.6,-12.100000000000009,1,0
10429,R40,D33,Hyderabad,13,8,12.88,3,0.17,2.5,61.8,77.4,0,77.4,15.600000000000009,1,1
10430,R35,D58,Delhi,12,26,1.69,4,0.01,0.4,45.1,43.3,0,43.3,-1.8000000000000043,0,1
10431,R31,D56,Bangalore,21,21,4.08,4,0.19,1.2,37.0,51.1,0,51.1,14.100000000000001,1,1
10432,R8,D11,Bangalore,15,25,13.41,3,0.16,3.1,82.5,97.9,0,97.9,15.400000000000006,1,0
10433,R26,D13,Hyderabad,14,5,7.07,4,0.45,3.4,37.2,51.0,1,51.0,13.799999999999997,1,1
10434,R46,D9,Mumbai,4,37,4.22,2,0.38,0.3,67.6,62.0,1,62.0,-5.599999999999994,1,0
10435,R35,D100,Mumbai,13,26,4.72,5,0.1,4.1,78.4,66.1,0,66.1,-12.300000000000011,1,1
10436,R13,D9,Delhi,13,34,9.2,3,0.12,0.8,77.4,87.8,1,87.8,10.399999999999991,1,1
10437,R15,D89,Mumbai,20,20,7.47,5,0.16,4.1,69.8,70.2,1,70.2,0.4000000000000057,1,1
10438,R29,D25,Delhi,12,17,3.37,3,0.18,0.9,22.7,39.1,0,39.1,16.400000000000002,0,1
10439,R25,D84,Bangalore,12,24,7.11,3,0.27,3.1,77.0,67.5,1,67.5,-9.5,1,1
10440,R13,D25,Hyderabad,10,32,14.67,1,0.01,3.9,94.9,85.7,0,85.7,-9.200000000000003,1,0
10441,R38,D63,Mumbai,18,9,2.93,2,0.18,0.9,39.0,27.3,0,27.3,-11.7,0,0
10442,R38,D52,Bangalore,12,33,13.02,3,0.83,1.9,105.9,109.6,1,109.6,3.6999999999999886,1,1
10443,R38,D6,Hyderabad,21,32,7.04,4,0.07,2.2,68.2,76.4,0,76.4,8.200000000000003,1,1
10444,R35,D83,Bangalore,7,11,2.22,2,0.11,3.7,25.3,24.2,0,24.2,-1.1000000000000014,0,0
10445,R49,D92,Delhi,13,23,12.42,5,0.36,2.4,109.6,114.7,1,114.7,5.1000000000000085,1,1
10446,R48,D27,Hyderabad,14,40,11.49,4,0.09,3.9,112.2,112.4,1,112.4,0.20000000000000284,1,1
10447,R37,D17,Delhi,0,36,12.25,4,0.07,3.9,119.4,112.8,0,112.8,-6.6000000000000085,1,0
10448,R10,D43,Hyderabad,6,30,1.42,2,0.33,1.5,49.6,41.8,0,41.8,-7.800000000000004,0,0
10449,R2,D24,Mumbai,13,23,3.49,3,0.1,1.6,35.3,48.4,0,48.4,13.100000000000001,1,1
10450,R48,D9,Hyderabad,6,13,13.12,2,0.16,1.6,64.2,75.1,0,75.1,10.899999999999991,1,0
10451,R29,D9,Hyderabad,20,38,5.27,4,0.1,3.2,84.6,77.8,1,77.8,-6.799999999999997,1,1
10452,R12,D54,Mumbai,14,32,7.14,5,0.76,1.2,89.6,97.8,0,97.8,8.200000000000003,1,1
10453,R45,D93,Mumbai,16,40,2.26,2,0.15,0.8,55.4,53.2,0,53.2,-2.1999999999999957,1,0
10454,R30,D49,Delhi,6,30,1.05,2,0.14,2.3,31.9,35.8,0,35.8,3.8999999999999986,0,0
10455,R18,D21,Mumbai,3,16,4.77,2,0.23,0.8,45.1,41.8,0,41.8,-3.3000000000000043,0,0
10456,R45,D7,Bangalore,21,33,1.26,1,0.15,1.2,30.7,37.6,0,37.6,6.900000000000002,0,1
10457,R43,D9,Mumbai,3,15,11.0,1,0.53,3.1,50.9,60.9,1,60.9,10.0,1,0
10458,R21,D23,Bangalore,21,5,6.14,4,0.01,0.3,59.0,46.5,1,46.5,-12.5,1,1
10459,R35,D73,Mumbai,12,25,14.73,4,0.14,3.2,114.3,116.8,1,116.8,2.5,1,1
10460,R39,D75,Hyderabad,20,37,9.02,5,0.05,3.7,100.9,106.7,1,106.7,5.799999999999997,1,1
10461,R10,D49,Mumbai,20,33,11.22,3,0.06,4.9,103.3,94.9,1,94.9,-8.399999999999991,1,1
10462,R16,D27,Bangalore,7,19,9.32,2,0.6,0.3,59.2,70.1,1,70.1,10.899999999999991,1,0
10463,R38,D71,Mumbai,12,32,11.01,3,0.14,1.4,100.6,94.2,1,94.2,-6.3999999999999915,1,1
10464,R24,D51,Hyderabad,13,32,7.83,4,0.15,1.9,88.8,87.9,1,87.9,-0.8999999999999915,1,1
10465,R47,D23,Delhi,21,34,4.61,4,0.1,4.6,55.3,61.1,1,61.1,5.800000000000004,1,1
10466,R27,D51,Delhi,21,9,6.43,1,0.18,2.2,32.9,34.6,0,34.6,1.7000000000000028,0,1
10467,R45,D48,Bangalore,16,20,4.01,1,0.45,3.2,27.2,36.6,0,36.6,9.400000000000002,0,0
10468,R43,D21,Bangalore,12,29,6.27,4,0.18,4.1,70.0,67.2,1,67.2,-2.799999999999997,1,1
10469,R20,D94,Hyderabad,2,11,9.72,3,0.9,2.0,59.2,76.2,1,76.2,17.0,1,0
10470,R45,D54,Hyderabad,16,15,3.06,1,0.03,2.8,31.3,24.0,0,24.0,-7.300000000000001,0,0
10471,R27,D57,Bangalore,5,10,4.75,2,0.06,3.4,13.0,29.8,0,29.8,16.8,0,0
10472,R3,D13,Mumbai,19,29,9.24,5,0.15,2.1,103.3,95.8,0,95.8,-7.5,1,1
10473,R43,D52,Hyderabad,21,26,12.19,1,0.93,0.1,89.7,84.2,1,84.2,-5.5,1,1
10474,R29,D80,Hyderabad,20,5,14.8,5,0.16,4.0,97.8,102.8,0,102.8,5.0,1,1
10475,R6,D45,Hyderabad,18,11,11.15,2,0.04,4.3,51.4,59.4,0,59.4,8.0,1,0
10476,R36,D60,Mumbai,3,35,10.11,1,0.04,2.2,82.7,72.6,0,72.6,-10.100000000000009,1,0
10477,R15,D93,Delhi,3,13,13.88,3,0.1,2.9,100.4,90.1,0,90.1,-10.300000000000011,1,0
10478,R47,D49,Hyderabad,7,21,2.18,1,0.5,0.6,35.9,35.6,1,35.6,-0.29999999999999716,0,0
10479,R4,D76,Mumbai,16,25,11.68,3,0.19,0.5,97.1,89.6,1,89.6,-7.5,1,0
10480,R15,D64,Hyderabad,13,14,11.33,5,0.17,3.4,93.8,91.9,1,91.9,-1.8999999999999915,1,1
10481,R19,D91,Hyderabad,13,14,12.5,3,0.15,4.3,91.7,79.2,0,79.2,-12.5,1,1
10482,R11,D3,Hyderabad,14,35,14.86,5,0.41,1.0,151.1,145.5,0,145.5,-5.599999999999994,1,1
10483,R4,D91,Delhi,20,13,6.91,4,0.18,3.3,67.3,60.7,0,60.7,-6.599999999999994,1,1
10484,R25,D55,Mumbai,3,27,14.63,1,0.01,4.8,73.2,83.0,0,83.0,9.799999999999997,1,0
10485,R45,D77,Mumbai,15,10,11.78,4,0.13,0.6,80.4,82.1,1,82.1,1.6999999999999886,1,0
10486,R37,D74,Hyderabad,14,11,12.02,3,0.1,0.5,64.7,76.2,0,76.2,11.5,1,1
10487,R2,D51,Hyderabad,14,39,10.85,5,0.99,0.9,132.1,125.1,1,125.1,-7.0,1,1
10488,R9,D74,Mumbai,2,40,4.22,3,0.72,0.9,63.0,78.6,0,78.6,15.599999999999994,1,0
10489,R19,D85,Hyderabad,13,25,8.08,5,0.07,4.1,89.5,81.5,0,81.5,-8.0,1,1
10490,R39,D71,Mumbai,21,13,11.07,4,0.11,2.3,73.7,86.4,1,86.4,12.700000000000003,1,1
10491,R41,D94,Delhi,6,28,8.67,3,0.1,3.9,67.3,76.2,0,76.2,8.900000000000006,1,0
10492,R44,D71,Hyderabad,14,10,5.76,3,0.05,1.9,58.7,47.9,1,47.9,-10.800000000000004,1,1
10493,R47,D40,Hyderabad,13,23,8.5,4,0.18,1.7,84.1,83.3,0,83.3,-0.7999999999999972,1,1
10494,R31,D76,Mumbai,14,37,10.84,4,0.71,3.2,106.8,111.3,0,111.3,4.5,1,1
10495,R29,D46,Hyderabad,21,32,8.05,4,0.18,1.5,75.2,89.9,1,89.9,14.700000000000003,1,1
10496,R6,D22,Bangalore,13,40,13.98,5,0.87,0.7,146.3,147.3,1,147.3,1.0,1,1
10497,R1,D79,Mumbai,0,32,10.69,3,0.5,4.4,105.2,93.3,0,93.3,-11.900000000000006,1,0
10498,R49,D68,Mumbai,13,13,7.95,5,0.08,4.6,53.2,66.7,1,66.7,13.5,1,1
10499,R19,D34,Mumbai,14,30,3.65,3,0.19,2.3,57.4,55.9,0,55.9,-1.5,1,1
10500,R23,D14,Bangalore,14,16,6.33,1,0.81,2.1,33.3,42.8,0,42.8,9.5,0,1
10501,R24,D39,Delhi,20,39,12.27,2,0.09,2.2,85.7,97.0,1,97.0,11.299999999999997,1,1
10502,R26,D54,Delhi,5,17,14.25,5,0.2,3.4,105.2,110.2,0,110.2,5.0,1,0
10503,R48,D50,Mumbai,12,6,2.33,3,0.47,2.1,17.1,25.6,0,25.6,8.5,0,1
10504,R28,D32,Mumbai,5,20,4.58,1,0.05,2.4,37.0,35.7,0,35.7,-1.2999999999999972,0,0
10505,R38,D81,Mumbai,12,30,1.06,5,0.19,0.3,40.3,50.4,0,50.4,10.100000000000001,1,1
10506,R31,D8,Hyderabad,21,12,4.4,3,0.07,0.2,36.2,39.0,0,39.0,2.799999999999997,0,1
10507,R7,D56,Mumbai,13,28,5.35,2,0.13,1.8,57.3,56.2,0,56.2,-1.0999999999999943,1,1
10508,R18,D27,Hyderabad,12,13,9.63,4,0.59,1.0,79.7,78.1,1,78.1,-1.6000000000000085,1,1
10509,R31,D98,Mumbai,20,7,2.35,4,0.56,2.8,17.2,30.7,0,30.7,13.5,0,1
10510,R31,D54,Bangalore,13,13,4.7,5,0.59,2.5,56.2,60.1,0,60.1,3.8999999999999986,1,1
10511,R36,D100,Hyderabad,21,18,3.17,3,0.48,2.3,34.8,45.2,0,45.2,10.400000000000006,1,1
10512,R36,D16,Mumbai,14,20,4.73,4,0.65,0.3,56.8,70.3,0,70.3,13.5,1,1
10513,R41,D78,Delhi,14,40,4.33,2,0.32,0.1,57.1,66.4,1,66.4,9.300000000000004,1,1
10514,R43,D100,Bangalore,15,21,13.12,3,0.11,2.9,84.9,94.9,0,94.9,10.0,1,0
10515,R24,D19,Hyderabad,12,34,3.18,5,0.4,0.1,66.9,65.7,1,65.7,-1.2000000000000028,1,1
10516,R5,D55,Mumbai,22,11,11.0,2,0.15,0.6,50.7,63.7,0,63.7,13.0,1,1
10517,R18,D19,Bangalore,0,11,8.36,4,0.23,4.5,58.1,67.8,0,67.8,9.699999999999996,1,0
10518,R18,D81,Bangalore,12,11,8.4,2,0.18,1.1,63.3,52.6,0,52.6,-10.699999999999996,1,1
10519,R44,D92,Bangalore,19,19,1.98,5,0.65,4.6,52.6,53.7,0,53.7,1.1000000000000014,1,1
10520,R44,D55,Mumbai,9,23,5.55,1,0.46,3.6,29.9,42.4,0,42.4,12.5,0,0
10521,R21,D19,Hyderabad,22,9,2.14,4,0.15,3.8,39.9,27.7,0,27.7,-12.2,0,1
10522,R41,D43,Mumbai,7,29,6.57,2,0.11,2.9,65.0,59.6,0,59.6,-5.399999999999999,1,0
10523,R16,D47,Bangalore,12,28,8.6,5,0.22,4.3,105.0,96.4,0,96.4,-8.599999999999994,1,1
10524,R27,D32,Mumbai,1,13,2.2,3,0.03,0.3,29.5,28.7,0,28.7,-0.8000000000000007,0,0
10525,R10,D47,Mumbai,12,5,8.75,5,0.27,3.5,75.0,68.6,0,68.6,-6.400000000000006,1,1
10526,R19,D15,Mumbai,14,7,9.26,3,0.77,2.3,57.1,64.9,1,64.9,7.800000000000004,1,1
10527,R11,D35,Bangalore,20,18,6.31,2,0.53,0.4,50.4,55.2,0,55.2,4.800000000000004,1,1
10528,R4,D48,Hyderabad,12,11,1.63,4,0.17,0.3,32.8,33.2,0,33.2,0.4000000000000057,0,1
10529,R3,D31,Delhi,14,7,8.67,5,0.01,1.8,74.8,69.2,0,69.2,-5.599999999999994,1,1
10530,R9,D90,Bangalore,14,37,1.96,5,0.03,4.3,65.9,56.3,1,56.3,-9.600000000000009,1,1
10531,R46,D30,Mumbai,4,15,14.9,2,0.44,2.2,96.7,85.5,1,85.5,-11.200000000000003,1,0
10532,R46,D100,Hyderabad,14,9,14.39,4,0.24,1.5,101.0,103.0,0,103.0,2.0,1,1
10533,R11,D38,Mumbai,14,28,5.62,2,0.99,3.8,77.4,65.2,0,65.2,-12.200000000000003,1,1
10534,R24,D37,Hyderabad,20,33,5.82,5,0.19,1.3,89.5,87.2,0,87.2,-2.299999999999997,1,1
10535,R16,D90,Bangalore,12,23,5.95,4,0.29,1.7,53.0,66.7,1,66.7,13.700000000000003,1,1
10536,R7,D51,Hyderabad,13,9,5.1,5,0.1,0.2,42.8,50.2,1,50.2,7.400000000000006,1,1
10537,R39,D100,Hyderabad,13,32,14.69,3,0.04,1.3,95.3,109.8,0,109.8,14.5,1,1
10538,R29,D54,Mumbai,8,16,12.54,1,0.18,1.7,53.7,65.9,0,65.9,12.200000000000003,1,0
10539,R23,D89,Hyderabad,6,9,10.98,3,0.47,4.1,80.0,69.0,0,69.0,-11.0,1,0
10540,R21,D15,Hyderabad,14,5,14.83,5,0.17,0.2,118.1,111.9,0,111.9,-6.199999999999989,1,1
10541,R14,D45,Mumbai,0,28,12.3,1,0.4,3.2,77.4,78.1,0,78.1,0.6999999999999886,1,0
10542,R49,D43,Bangalore,17,32,5.91,3,0.37,3.4,79.1,68.9,1,68.9,-10.199999999999989,1,0
10543,R6,D14,Bangalore,22,11,7.7,5,0.19,0.2,66.9,70.3,1,70.3,3.3999999999999915,1,1
10544,R13,D61,Bangalore,22,31,13.67,4,0.36,2.5,126.8,116.7,0,116.7,-10.099999999999994,1,1
10545,R44,D31,Bangalore,16,7,0.73,1,0.07,1.7,22.2,10.0,0,10.0,-12.2,0,0
10546,R42,D51,Bangalore,16,13,14.12,2,0.15,1.2,81.2,80.9,1,80.9,-0.29999999999999716,1,0
10547,R49,D81,Delhi,5,25,3.45,1,0.09,3.5,41.5,36.2,0,36.2,-5.299999999999997,0,0
10548,R30,D82,Delhi,14,19,4.81,4,0.51,3.3,59.7,57.5,0,57.5,-2.200000000000003,1,1
10549,R7,D15,Hyderabad,3,11,2.56,2,0.94,1.0,33.7,36.1,0,36.1,2.3999999999999986,0,0
10550,R14,D88,Hyderabad,21,33,12.22,3,0.27,0.2,109.2,107.8,0,107.8,-1.4000000000000057,1,1
10551,R11,D67,Delhi,6,6,8.27,2,0.75,0.1,36.7,49.9,0,49.9,13.199999999999996,1,0
10552,R13,D12,Delhi,9,34,11.31,2,0.1,3.4,87.8,87.3,0,87.3,-0.5,1,0
10553,R20,D22,Mumbai,18,32,13.3,2,0.53,2.1,82.7,97.8,1,97.8,15.099999999999994,1,0
10554,R3,D66,Delhi,21,38,5.61,1,0.04,0.4,47.0,60.3,1,60.3,13.299999999999997,1,1
10555,R1,D92,Delhi,14,25,13.53,4,0.08,1.4,95.3,110.1,0,110.1,14.799999999999997,1,1
10556,R27,D88,Hyderabad,13,17,3.36,5,0.1,0.9,40.6,49.0,0,49.0,8.399999999999999,1,1
10557,R37,D1,Hyderabad,13,7,13.49,5,0.01,4.0,94.7,99.7,0,99.7,5.0,1,1
10558,R21,D64,Bangalore,22,36,12.81,5,0.02,0.2,124.5,120.9,1,120.9,-3.5999999999999943,1,1
10559,R11,D12,Mumbai,11,39,14.85,4,0.17,4.7,130.9,123.5,1,123.5,-7.400000000000006,1,0
10560,R11,D18,Hyderabad,13,14,11.42,5,0.19,2.6,88.5,95.8,0,95.8,7.299999999999997,1,1
10561,R15,D12,Delhi,2,27,8.6,4,0.13,4.9,85.6,78.0,1,78.0,-7.599999999999994,1,0
10562,R7,D44,Mumbai,23,37,12.95,3,0.06,4.6,109.8,100.8,0,100.8,-9.0,1,0
10563,R50,D52,Mumbai,13,15,10.45,5,0.12,0.6,83.9,86.6,0,86.6,2.6999999999999886,1,1
10564,R23,D34,Bangalore,2,27,6.76,1,0.1,0.5,46.6,54.8,0,54.8,8.199999999999996,1,0
10565,R39,D36,Hyderabad,19,8,9.87,5,0.04,0.3,80.9,76.4,1,76.4,-4.5,1,1
10566,R7,D29,Delhi,20,18,5.54,3,0.12,3.5,38.8,48.6,0,48.6,9.800000000000004,1,1
10567,R5,D22,Mumbai,13,14,14.45,4,0.99,0.9,107.8,110.6,1,110.6,2.799999999999997,1,1
10568,R16,D61,Bangalore,12,23,12.61,4,0.03,3.7,88.0,97.3,0,97.3,9.299999999999997,1,1
10569,R24,D59,Bangalore,9,26,13.42,3,0.17,3.4,106.0,97.3,0,97.3,-8.700000000000003,1,0
10570,R10,D46,Hyderabad,14,32,5.71,4,0.86,4.4,95.1,83.4,0,83.4,-11.699999999999989,1,1
10571,R17,D87,Delhi,15,31,14.21,2,0.43,0.6,96.5,103.1,1,103.1,6.599999999999994,1,0
10572,R1,D64,Mumbai,20,38,14.52,4,0.32,0.1,111.2,126.6,1,126.6,15.399999999999991,1,1
10573,R28,D46,Bangalore,12,27,13.24,5,0.82,3.6,133.4,122.9,1,122.9,-10.5,1,1
10574,R3,D61,Delhi,14,29,6.63,5,0.02,2.8,85.6,82.1,1,82.1,-3.5,1,1
10575,R9,D54,Mumbai,12,24,8.72,4,0.11,0.7,86.2,81.8,0,81.8,-4.400000000000006,1,1
10576,R28,D60,Hyderabad,17,6,13.73,1,0.66,3.9,72.3,62.3,0,62.3,-10.0,1,0
10577,R4,D97,Hyderabad,14,5,7.21,5,0.1,4.9,52.2,52.2,0,52.2,0.0,1,1
10578,R4,D16,Bangalore,23,14,8.65,5,0.03,3.1,80.6,78.9,1,78.9,-1.6999999999999886,1,0
10579,R5,D1,Mumbai,19,38,1.9,3,0.09,0.6,62.8,54.5,0,54.5,-8.299999999999997,1,1
10580,R40,D88,Hyderabad,3,32,2.62,1,0.03,3.5,26.0,40.0,0,40.0,14.0,0,0
10581,R24,D86,Delhi,19,34,6.54,4,0.01,1.5,64.5,80.2,0,80.2,15.700000000000003,1,1
10582,R9,D60,Hyderabad,12,27,7.76,5,0.04,0.9,79.7,82.9,0,82.9,3.200000000000003,1,1
10583,R9,D36,Delhi,2,35,5.96,2,0.43,2.6,57.4,64.0,0,64.0,6.600000000000001,1,0
10584,R26,D9,Bangalore,14,15,3.86,4,0.1,3.9,58.8,49.4,0,49.4,-9.399999999999999,1,1
10585,R25,D97,Hyderabad,1,21,2.16,4,0.51,4.6,56.5,43.8,0,43.8,-12.700000000000003,0,0
10586,R13,D26,Delhi,21,19,3.42,3,0.16,3.1,51.0,41.2,0,41.2,-9.799999999999997,0,1
10587,R27,D73,Bangalore,14,38,7.69,5,0.39,2.8,87.7,93.4,1,93.4,5.700000000000003,1,1
10588,R6,D17,Delhi,13,19,1.25,4,0.53,2.0,32.7,41.1,0,41.1,8.399999999999999,0,1
10589,R16,D67,Delhi,19,39,10.61,2,0.09,1.7,75.3,88.1,0,88.1,12.799999999999997,1,1
10590,R47,D43,Bangalore,12,7,5.51,2,0.97,2.4,42.5,44.6,0,44.6,2.1000000000000014,0,1
10591,R23,D56,Hyderabad,12,6,14.0,1,0.16,3.4,54.9,60.6,1,60.6,5.700000000000003,1,1
10592,R45,D55,Mumbai,12,28,5.6,3,0.18,2.1,49.1,64.7,0,64.7,15.600000000000001,1,1
10593,R47,D32,Bangalore,12,33,3.12,1,0.07,3.0,34.7,44.2,0,44.2,9.5,0,1
10594,R32,D91,Delhi,7,33,10.84,4,0.16,1.3,115.8,105.8,0,105.8,-10.0,1,0
10595,R40,D63,Delhi,12,38,3.84,4,0.04,4.9,53.6,67.2,0,67.2,13.600000000000001,1,1
10596,R3,D35,Delhi,21,10,1.37,5,0.08,1.1,33.4,30.6,0,30.6,-2.799999999999997,0,1
10597,R49,D45,Bangalore,10,21,12.25,3,0.15,2.1,77.6,91.3,1,91.3,13.700000000000003,1,0
10598,R47,D87,Delhi,17,32,8.8,3,0.27,4.6,87.7,76.2,1,76.2,-11.5,1,0
10599,R16,D99,Delhi,13,7,9.43,3,0.51,0.6,53.7,65.3,0,65.3,11.599999999999994,1,1
10600,R29,D2,Hyderabad,13,35,9.75,4,0.63,2.8,113.6,107.0,1,107.0,-6.599999999999994,1,1
10601,R32,D17,Mumbai,20,8,3.87,4,0.04,2.8,46.0,33.7,1,33.7,-12.299999999999997,0,1
10602,R23,D70,Bangalore,21,11,1.62,4,0.1,4.1,12.5,25.2,0,25.2,12.7,0,1
10603,R24,D43,Hyderabad,11,35,14.17,2,0.01,3.0,103.2,98.7,0,98.7,-4.5,1,0
10604,R38,D92,Delhi,15,7,10.03,1,0.98,5.0,61.1,56.1,0,56.1,-5.0,1,0
10605,R8,D68,Bangalore,22,25,4.4,5,0.3,1.8,57.7,67.5,0,67.5,9.799999999999997,1,1
10606,R27,D47,Bangalore,19,28,9.97,4,0.37,0.6,98.4,97.9,1,97.9,-0.5,1,1
10607,R17,D37,Delhi,12,31,6.6,5,0.91,4.4,80.7,81.1,0,81.1,0.3999999999999915,1,1
10608,R48,D13,Mumbai,16,6,10.51,5,0.97,1.8,76.6,90.0,0,90.0,13.400000000000006,1,0
10609,R22,D76,Bangalore,1,9,11.21,2,0.36,1.4,70.2,64.2,0,64.2,-6.0,1,0
10610,R33,D11,Mumbai,11,34,6.0,2,0.1,1.5,63.4,63.0,0,63.0,-0.3999999999999986,1,0
10611,R28,D37,Delhi,20,14,1.11,5,0.18,4.4,22.6,31.0,0,31.0,8.399999999999999,0,1
10612,R15,D22,Delhi,8,11,13.91,3,0.28,0.1,100.9,93.9,1,93.9,-7.0,1,0
10613,R2,D48,Mumbai,14,32,11.12,4,0.32,4.2,111.8,102.9,0,102.9,-8.899999999999991,1,1
10614,R47,D86,Bangalore,2,19,11.05,2,0.1,3.9,64.1,68.1,0,68.1,4.0,1,0
10615,R34,D41,Mumbai,1,5,4.07,3,0.17,2.4,32.7,30.7,0,30.7,-2.0000000000000036,0,0
10616,R34,D93,Mumbai,12,36,8.59,3,0.04,2.9,72.2,83.8,1,83.8,11.599999999999994,1,1
10617,R15,D38,Hyderabad,22,27,8.38,3,0.59,2.1,66.4,78.1,0,78.1,11.699999999999989,1,1
10618,R43,D15,Delhi,4,35,12.68,4,0.12,1.1,111.0,118.3,0,118.3,7.299999999999997,1,0
10619,R27,D51,Hyderabad,21,8,4.39,4,0.07,2.9,48.3,36.9,0,36.9,-11.399999999999999,0,1
10620,R22,D17,Bangalore,0,29,1.81,3,0.51,2.6,45.2,46.1,0,46.1,0.8999999999999986,1,0
10621,R15,D38,Mumbai,10,31,3.63,3,0.61,0.5,53.2,61.2,1,61.2,8.0,1,0
10622,R50,D89,Mumbai,14,12,12.29,3,0.95,0.4,75.0,91.4,0,91.4,16.400000000000006,1,1
10623,R35,D78,Mumbai,14,30,3.32,4,0.06,1.4,52.0,54.9,0,54.9,2.8999999999999986,1,1
10624,R6,D29,Hyderabad,22,23,13.66,4,0.05,1.9,120.3,108.0,1,108.0,-12.299999999999997,1,1
10625,R15,D58,Delhi,19,24,5.32,5,0.67,2.4,65.7,68.5,0,68.5,2.799999999999997,1,1
10626,R37,D98,Mumbai,13,21,6.47,4,0.17,4.4,59.2,61.5,0,61.5,2.299999999999997,1,1
10627,R42,D31,Delhi,22,37,8.54,4,0.15,0.6,80.1,91.2,0,91.2,11.100000000000009,1,1
10628,R8,D5,Hyderabad,22,13,11.36,4,0.08,4.6,77.4,83.3,0,83.3,5.8999999999999915,1,1
10629,R10,D38,Mumbai,11,38,9.27,2,0.9,4.6,81.2,88.7,1,88.7,7.5,1,0
10630,R31,D9,Bangalore,12,17,10.56,4,0.07,1.8,95.4,84.6,1,84.6,-10.800000000000011,1,1
10631,R28,D75,Delhi,22,21,8.64,4,0.04,0.9,81.2,78.9,1,78.9,-2.299999999999997,1,1
10632,R37,D99,Delhi,18,18,2.94,3,0.2,0.8,27.1,42.5,0,42.5,15.399999999999999,0,0
10633,R29,D55,Hyderabad,14,12,3.99,3,0.48,1.6,28.6,40.6,0,40.6,12.0,0,1
10634,R18,D92,Mumbai,17,36,10.58,2,0.02,4.3,80.5,84.8,0,84.8,4.299999999999997,1,0
10635,R13,D49,Delhi,14,5,3.34,3,0.73,4.6,31.3,28.9,0,28.9,-2.400000000000002,0,1
10636,R26,D6,Delhi,12,6,13.02,5,0.2,4.4,85.3,101.4,0,101.4,16.10000000000001,1,1
10637,R10,D91,Mumbai,4,10,6.58,4,0.01,2.7,41.6,58.1,0,58.1,16.5,1,0
10638,R21,D91,Mumbai,11,38,0.71,3,0.08,3.8,28.8,44.5,0,44.5,15.7,0,0
10639,R45,D65,Hyderabad,14,5,5.01,4,0.02,4.7,22.0,36.4,0,36.4,14.399999999999999,0,1
10640,R41,D3,Mumbai,6,28,7.18,4,0.87,4.3,81.9,87.5,1,87.5,5.599999999999994,1,0
10641,R18,D18,Delhi,20,22,13.31,3,0.06,2.9,94.5,92.6,0,92.6,-1.9000000000000057,1,1
10642,R3,D75,Hyderabad,14,18,14.91,4,0.13,4.8,107.3,108.9,1,108.9,1.6000000000000085,1,1
10643,R14,D60,Delhi,12,38,10.05,3,0.03,2.9,98.6,89.5,1,89.5,-9.099999999999994,1,1
10644,R27,D61,Delhi,12,16,13.74,3,0.27,2.3,100.6,92.6,1,92.6,-8.0,1,1
10645,R24,D77,Delhi,22,24,1.08,5,0.05,2.1,27.9,40.0,0,40.0,12.100000000000001,0,1
10646,R20,D77,Mumbai,4,13,10.12,3,0.01,1.7,57.1,68.1,1,68.1,10.999999999999993,1,0
10647,R20,D11,Mumbai,12,32,1.81,3,0.14,1.7,57.9,47.5,0,47.5,-10.399999999999999,1,1
10648,R30,D91,Mumbai,3,29,2.36,3,0.51,3.7,47.4,49.8,0,49.8,2.3999999999999986,1,0
10649,R38,D4,Mumbai,5,20,5.85,2,0.9,3.2,48.8,52.7,0,52.7,3.9000000000000057,1,0
10650,R42,D24,Hyderabad,13,29,10.29,4,0.05,2.6,96.0,91.0,0,91.0,-5.0,1,1
10651,R26,D2,Mumbai,14,37,6.07,4,0.58,1.5,90.7,83.6,0,83.6,-7.1000000000000085,1,1
10652,R24,D100,Hyderabad,11,12,11.89,5,0.11,1.7,110.0,102.6,0,102.6,-7.400000000000006,1,0
10653,R30,D56,Bangalore,19,12,13.08,4,0.01,3.4,86.1,94.3,1,94.3,8.200000000000003,1,1
10654,R29,D42,Delhi,19,27,11.11,4,0.08,0.7,95.8,99.1,0,99.1,3.299999999999997,1,1
10655,R47,D68,Hyderabad,13,28,1.06,4,0.14,3.6,36.6,41.6,0,41.6,5.0,0,1
10656,R48,D33,Bangalore,16,12,12.01,3,0.45,3.5,89.8,78.7,1,78.7,-11.099999999999994,1,0
10657,R45,D100,Mumbai,14,7,9.27,5,0.14,2.1,83.2,70.9,1,70.9,-12.299999999999997,1,1
10658,R15,D29,Bangalore,7,9,9.37,3,0.12,2.7,54.3,61.7,0,61.7,7.400000000000006,1,0
10659,R10,D60,Hyderabad,14,15,10.26,3,0.54,2.8,66.1,72.0,1,72.0,5.900000000000006,1,1
10660,R21,D58,Hyderabad,14,15,9.55,4,0.08,3.7,73.7,79.3,0,79.3,5.599999999999994,1,1
10661,R8,D13,Hyderabad,12,23,3.09,3,0.16,3.8,37.5,43.6,0,43.6,6.100000000000001,0,1
10662,R44,D82,Delhi,22,19,12.96,4,0.78,0.9,103.1,106.2,1,106.2,3.1000000000000085,1,1
10663,R7,D50,Hyderabad,16,17,9.73,3,0.03,3.7,72.9,72.8,0,72.8,-0.10000000000000853,1,0
10664,R6,D48,Bangalore,15,40,7.91,1,0.18,2.4,56.3,71.4,1,71.4,15.100000000000009,1,0
10665,R37,D60,Hyderabad,14,33,14.85,5,0.4,1.7,154.0,142.1,1,142.1,-11.900000000000006,1,1
10666,R3,D88,Hyderabad,18,29,1.52,2,0.49,3.2,43.7,38.9,0,38.9,-4.800000000000004,0,0
10667,R26,D93,Bangalore,22,32,11.92,2,0.5,3.6,82.5,92.2,0,92.2,9.700000000000003,1,1
10668,R17,D13,Delhi,19,34,13.54,4,0.05,3.9,122.8,117.0,1,117.0,-5.799999999999997,1,1
10669,R19,D4,Mumbai,11,23,4.95,3,0.32,0.8,66.5,57.7,0,57.7,-8.799999999999997,1,0
10670,R15,D4,Mumbai,20,5,4.26,4,0.6,0.9,32.6,40.2,0,40.2,7.600000000000001,0,1
10671,R32,D83,Mumbai,18,16,7.52,2,0.13,0.8,43.7,54.8,0,54.8,11.099999999999994,1,0
10672,R37,D82,Bangalore,23,19,11.25,2,0.01,1.4,58.6,73.2,0,73.2,14.600000000000001,1,0
10673,R29,D73,Mumbai,14,16,10.5,4,0.05,3.0,90.8,82.9,1,82.9,-7.8999999999999915,1,1
10674,R9,D67,Delhi,12,20,8.99,4,0.09,3.2,64.8,75.9,0,75.9,11.100000000000009,1,1
10675,R14,D77,Hyderabad,12,32,12.99,2,0.51,3.1,93.5,92.5,0,92.5,-1.0,1,1
10676,R12,D43,Hyderabad,21,21,13.08,3,0.06,4.9,104.9,92.7,0,92.7,-12.200000000000003,1,1
10677,R11,D23,Bangalore,9,11,13.92,2,0.42,3.8,76.3,77.4,1,77.4,1.1000000000000085,1,0
10678,R20,D79,Mumbai,20,25,2.77,5,0.16,4.8,63.5,57.1,0,57.1,-6.399999999999999,1,1
10679,R17,D61,Delhi,21,26,11.04,5,0.32,0.0,115.7,113.3,1,113.3,-2.4000000000000057,1,1
10680,R30,D99,Delhi,14,17,3.52,4,0.35,1.6,46.8,48.7,0,48.7,1.9000000000000057,1,1
10681,R7,D10,Mumbai,14,35,14.15,4,0.19,4.8,120.1,119.5,1,119.5,-0.5999999999999943,1,1
10682,R4,D82,Delhi,13,33,13.89,2,0.5,2.1,88.5,99.5,1,99.5,11.0,1,1
10683,R16,D42,Delhi,21,6,2.54,5,0.9,1.8,41.1,48.5,0,48.5,7.399999999999999,1,1
10684,R24,D43,Mumbai,8,21,9.25,4,0.46,4.0,76.2,82.0,0,82.0,5.799999999999997,1,0
10685,R3,D65,Delhi,18,23,8.83,3,0.43,2.7,90.8,80.1,0,80.1,-10.700000000000003,1,0
10686,R13,D97,Bangalore,16,22,7.25,4,0.2,2.9,82.4,70.9,0,70.9,-11.5,1,0
10687,R26,D74,Delhi,13,6,0.62,3,0.54,2.7,28.0,17.2,0,17.2,-10.8,0,1
10688,R46,D74,Mumbai,12,18,4.97,2,0.11,1.7,44.4,41.7,0,41.7,-2.6999999999999957,0,1
10689,R11,D55,Delhi,12,27,0.9,5,0.19,4.3,45.8,49.6,1,49.6,3.8000000000000043,1,1
10690,R50,D49,Bangalore,12,37,13.74,4,0.02,3.0,136.0,123.4,0,123.4,-12.599999999999994,1,1
10691,R24,D62,Delhi,22,6,0.61,5,0.74,4.2,42.5,29.5,0,29.5,-13.0,0,1
10692,R42,D50,Hyderabad,13,25,1.16,5,0.04,2.3,44.4,39.2,0,39.2,-5.199999999999996,0,1
10693,R40,D54,Mumbai,20,38,14.5,4,0.16,0.8,138.9,128.6,1,128.6,-10.300000000000011,1,1
10694,R21,D4,Bangalore,13,7,11.16,2,0.42,0.8,58.1,62.5,1,62.5,4.399999999999999,1,1
10695,R31,D60,Hyderabad,17,13,12.93,4,0.0,1.6,79.0,93.1,0,93.1,14.099999999999994,1,0
10696,R37,D26,Mumbai,12,14,3.77,2,0.02,1.1,45.0,32.8,0,32.8,-12.200000000000003,0,1
10697,R34,D67,Delhi,4,25,6.62,3,0.61,1.9,52.6,65.3,1,65.3,12.699999999999996,1,0
10698,R16,D21,Hyderabad,14,35,7.52,3,0.13,1.1,72.4,81.0,0,81.0,8.599999999999994,1,1
10699,R22,D44,Mumbai,13,40,7.12,2,0.51,2.1,90.5,78.2,0,78.2,-12.299999999999997,1,1
10700,R8,D71,Delhi,13,24,7.06,4,0.19,4.1,79.5,76.1,0,76.1,-3.4000000000000057,1,1
10701,R13,D94,Delhi,20,38,8.11,5,0.07,1.9,95.7,94.2,0,94.2,-1.5,1,1
10702,R49,D92,Mumbai,22,17,4.54,5,0.96,4.5,40.5,57.5,0,57.5,17.0,1,1
10703,R36,D86,Delhi,14,9,1.36,4,0.53,4.8,20.7,26.0,0,26.0,5.300000000000001,0,1
10704,R23,D10,Mumbai,8,13,13.44,1,0.15,3.4,57.7,65.4,1,65.4,7.700000000000003,1,0
10705,R41,D77,Hyderabad,13,24,12.42,4,0.26,3.6,116.1,108.0,1,108.0,-8.099999999999994,1,1
10706,R41,D60,Hyderabad,22,23,3.76,2,0.2,4.3,36.0,40.3,0,40.3,4.299999999999997,0,1
10707,R50,D36,Delhi,23,26,6.58,4,0.23,1.2,59.9,73.8,0,73.8,13.899999999999999,1,0
10708,R46,D63,Hyderabad,22,7,9.22,4,0.16,3.8,59.2,63.5,1,63.5,4.299999999999997,1,1
10709,R48,D6,Delhi,22,34,8.81,4,0.53,3.3,104.0,92.6,1,92.6,-11.400000000000006,1,1
10710,R27,D4,Hyderabad,8,27,12.37,2,0.19,2.3,75.4,86.1,0,86.1,10.699999999999989,1,0
10711,R36,D83,Delhi,11,16,12.75,4,0.45,1.1,103.1,100.9,1,100.9,-2.1999999999999886,1,0
10712,R32,D82,Mumbai,6,21,12.91,2,0.07,0.8,79.2,81.0,0,81.0,1.7999999999999972,1,0
10713,R19,D97,Mumbai,19,17,1.85,4,0.18,1.7,44.4,36.0,0,36.0,-8.399999999999999,0,1
10714,R19,D79,Bangalore,12,33,12.48,3,0.03,3.5,105.1,97.8,1,97.8,-7.299999999999997,1,1
10715,R19,D32,Bangalore,18,33,6.51,3,0.11,3.1,76.8,72.6,0,72.6,-4.200000000000003,1,0
10716,R17,D56,Delhi,20,25,8.34,2,0.33,4.0,75.2,62.6,0,62.6,-12.600000000000001,1,1
10717,R35,D41,Bangalore,7,27,10.9,3,0.11,0.3,101.6,90.0,1,90.0,-11.599999999999994,1,0
10718,R36,D58,Bangalore,18,14,1.42,2,0.7,0.1,17.6,30.6,0,30.6,13.0,0,0
10719,R43,D58,Delhi,21,26,3.87,5,0.91,2.9,85.0,79.4,0,79.4,-5.599999999999994,1,1
10720,R50,D10,Bangalore,20,17,4.11,4,0.27,2.5,44.9,44.7,0,44.7,-0.19999999999999574,0,1
10721,R25,D53,Hyderabad,4,26,3.15,2,0.04,1.3,27.0,41.6,0,41.6,14.600000000000001,0,0
10722,R7,D68,Delhi,14,8,14.74,2,0.07,0.0,77.8,77.9,0,77.9,0.10000000000000853,1,1
10723,R12,D25,Hyderabad,12,27,1.91,4,0.03,4.2,41.6,45.2,0,45.2,3.6000000000000014,1,1
10724,R35,D16,Delhi,3,27,10.4,3,0.03,3.1,89.7,81.7,0,81.7,-8.0,1,0
10725,R8,D86,Bangalore,13,14,3.97,5,0.74,4.6,68.6,60.4,1,60.4,-8.199999999999996,1,1
10726,R34,D12,Delhi,23,30,11.48,3,0.06,3.1,89.0,91.3,1,91.3,2.299999999999997,1,0
10727,R31,D79,Hyderabad,13,8,8.15,1,0.83,2.7,32.5,48.1,0,48.1,15.600000000000001,1,1
10728,R13,D46,Bangalore,16,37,8.1,1,0.07,4.7,56.7,67.6,1,67.6,10.899999999999991,1,0
10729,R41,D79,Bangalore,13,18,13.55,2,0.86,1.7,98.4,87.9,1,87.9,-10.5,1,1
10730,R10,D19,Mumbai,21,32,10.37,4,0.32,4.6,88.6,94.3,0,94.3,5.700000000000003,1,1
10731,R13,D100,Hyderabad,12,30,1.11,5,0.03,0.8,41.5,53.5,0,53.5,12.0,1,1
10732,R44,D92,Hyderabad,13,23,12.9,3,0.15,0.4,81.3,97.2,0,97.2,15.900000000000006,1,1
10733,R8,D30,Bangalore,5,10,11.56,4,0.05,3.0,65.6,76.9,1,76.9,11.300000000000011,1,0
10734,R21,D6,Bangalore,10,21,13.87,2,0.04,1.5,87.5,84.8,1,84.8,-2.700000000000003,1,0
10735,R29,D9,Mumbai,21,40,2.84,4,0.06,0.1,53.0,68.8,0,68.8,15.799999999999997,1,1
10736,R44,D30,Bangalore,19,29,11.65,2,0.04,3.2,74.6,83.1,0,83.1,8.5,1,1
10737,R29,D96,Mumbai,8,27,14.71,3,0.78,1.1,109.0,114.3,1,114.3,5.299999999999997,1,0
10738,R11,D48,Bangalore,21,14,1.12,4,0.18,3.1,22.2,25.4,0,25.4,3.1999999999999993,0,1
10739,R25,D60,Delhi,14,30,2.43,4,0.83,3.6,69.0,60.1,0,60.1,-8.899999999999999,1,1
10740,R24,D83,Delhi,12,35,2.08,4,0.53,0.3,54.3,59.8,0,59.8,5.5,1,1
10741,R12,D57,Bangalore,15,16,4.46,3,0.26,1.0,32.8,45.9,0,45.9,13.100000000000001,1,0
10742,R21,D79,Bangalore,2,10,0.81,4,0.64,1.8,20.0,35.0,0,35.0,15.0,0,0
10743,R21,D75,Hyderabad,20,23,4.9,5,0.03,4.6,64.4,60.4,1,60.4,-4.000000000000007,1,1
10744,R16,D15,Mumbai,3,7,2.47,2,0.27,4.1,32.8,23.0,0,23.0,-9.799999999999997,0,0
10745,R43,D73,Delhi,2,28,1.5,1,0.66,4.0,44.7,40.4,0,40.4,-4.300000000000004,0,0
10746,R6,D46,Hyderabad,14,31,14.88,3,0.99,0.1,121.8,117.8,1,117.8,-4.0,1,1
10747,R28,D44,Bangalore,14,34,10.06,3,0.01,2.9,82.1,87.4,0,87.4,5.300000000000011,1,1
10748,R18,D90,Hyderabad,14,32,6.4,3,0.19,1.3,78.4,75.4,1,75.4,-3.0,1,1
10749,R33,D15,Bangalore,3,20,1.58,2,0.91,0.0,42.5,41.0,0,41.0,-1.5,0,0
10750,R41,D59,Delhi,3,12,1.31,1,0.57,0.5,28.1,23.6,0,23.6,-4.5,0,0
10751,R41,D68,Mumbai,20,36,9.28,3,0.06,0.9,73.5,86.2,0,86.2,12.700000000000003,1,1
10752,R13,D90,Bangalore,2,17,3.21,2,0.2,3.0,41.5,33.8,0,33.8,-7.700000000000003,0,0
10753,R34,D1,Delhi,12,9,1.39,4,0.18,3.4,30.6,27.4,0,27.4,-3.200000000000003,0,1
10754,R50,D47,Bangalore,21,33,5.69,5,0.07,3.7,69.2,73.9,0,73.9,4.700000000000003,1,1
10755,R21,D52,Hyderabad,17,33,2.71,3,0.58,1.9,53.9,57.9,0,57.9,4.0,1,0
10756,R12,D20,Mumbai,12,30,7.35,3,0.4,4.3,68.4,70.4,1,70.4,2.0,1,1
10757,R11,D63,Bangalore,19,9,14.32,4,0.12,1.1,91.9,98.7,1,98.7,6.799999999999997,1,1
10758,R40,D55,Bangalore,21,26,11.01,5,0.17,2.2,94.5,104.5,0,104.5,10.0,1,1
10759,R21,D82,Hyderabad,10,26,10.63,4,0.83,3.5,104.1,104.2,0,104.2,0.10000000000000853,1,0
10760,R21,D66,Bangalore,20,25,1.68,4,0.12,2.2,34.4,47.1,0,47.1,12.700000000000003,1,1
10761,R4,D61,Mumbai,12,25,5.66,4,0.11,1.6,57.4,68.8,0,68.8,11.399999999999999,1,1
10762,R39,D16,Delhi,6,38,12.08,2,0.16,1.3,100.0,94.1,1,94.1,-5.900000000000006,1,0
10763,R30,D100,Mumbai,22,40,2.78,4,0.06,3.0,45.5,62.0,1,62.0,16.5,1,1
10764,R21,D71,Hyderabad,21,29,8.48,4,0.36,0.2,97.3,87.8,1,87.8,-9.5,1,1
10765,R46,D92,Mumbai,19,13,2.7,4,0.9,1.7,46.5,47.1,0,47.1,0.6000000000000014,1,1
10766,R42,D51,Mumbai,19,18,7.0,2,0.3,2.8,38.0,53.7,0,53.7,15.700000000000003,1,1
10767,R15,D20,Mumbai,21,29,11.46,4,0.51,3.5,91.2,101.9,0,101.9,10.700000000000003,1,1
10768,R1,D45,Bangalore,21,37,13.53,3,0.41,1.4,104.2,115.2,0,115.2,11.0,1,1
10769,R22,D26,Delhi,15,12,9.93,2,0.59,1.0,74.7,63.7,1,63.7,-11.0,1,0
10770,R49,D73,Delhi,6,24,5.73,1,0.13,2.6,39.1,46.1,0,46.1,7.0,1,0
10771,R47,D50,Delhi,22,15,13.85,4,0.87,0.4,86.8,102.3,1,102.3,15.5,1,1
10772,R18,D1,Delhi,20,11,1.28,3,0.04,2.1,11.2,19.1,0,19.1,7.900000000000002,0,1
10773,R14,D16,Bangalore,18,16,0.71,1,0.05,1.4,8.0,17.6,0,17.6,9.600000000000001,0,0
10774,R44,D49,Bangalore,13,34,6.48,5,0.22,1.4,68.3,84.6,1,84.6,16.299999999999997,1,1
10775,R13,D31,Hyderabad,1,32,8.6,3,0.16,0.4,77.1,82.9,0,82.9,5.800000000000011,1,0
10776,R47,D71,Mumbai,14,27,6.4,4,0.07,3.4,85.7,73.9,1,73.9,-11.799999999999997,1,1
10777,R17,D18,Delhi,17,33,11.43,4,0.8,3.1,99.2,111.4,0,111.4,12.200000000000003,1,0
10778,R9,D27,Hyderabad,13,12,14.86,4,0.1,4.7,99.2,101.5,1,101.5,2.299999999999997,1,1
10779,R24,D71,Hyderabad,22,19,8.87,4,0.6,0.8,96.4,86.6,0,86.6,-9.800000000000011,1,1
10780,R7,D64,Mumbai,9,20,11.46,2,0.04,0.1,78.0,74.6,1,74.6,-3.4000000000000057,1,0
10781,R29,D16,Hyderabad,15,5,10.62,2,0.08,2.4,38.6,54.7,0,54.7,16.1,1,0
10782,R2,D33,Hyderabad,15,39,11.66,2,0.55,5.0,82.0,96.4,1,96.4,14.400000000000006,1,0
10783,R6,D11,Mumbai,3,34,6.01,2,0.12,3.5,67.2,63.7,0,63.7,-3.5,1,0
10784,R44,D100,Bangalore,17,9,7.78,2,0.36,0.2,62.0,51.9,0,51.9,-10.100000000000001,1,0
10785,R11,D6,Delhi,22,12,10.46,5,0.02,3.7,79.6,87.5,1,87.5,7.900000000000006,1,1
10786,R44,D75,Hyderabad,13,12,1.97,2,0.15,1.8,27.7,23.9,0,23.9,-3.8000000000000007,0,1
10787,R7,D54,Hyderabad,13,40,10.68,2,0.02,2.5,73.2,89.5,1,89.5,16.299999999999997,1,1
10788,R12,D86,Mumbai,21,40,4.31,2,0.16,1.2,44.7,61.4,1,61.4,16.699999999999996,1,1
10789,R1,D15,Delhi,19,24,13.27,2,0.18,2.4,88.1,86.1,0,86.1,-2.0,1,1
10790,R5,D19,Mumbai,4,9,7.43,5,0.01,3.1,75.8,70.2,1,70.2,-5.599999999999994,1,0
10791,R21,D100,Hyderabad,14,28,6.17,4,0.5,4.0,64.3,76.6,0,76.6,12.299999999999997,1,1
10792,R19,D64,Bangalore,19,31,1.46,2,0.18,2.0,32.6,40.5,0,40.5,7.899999999999999,0,1
10793,R21,D40,Hyderabad,22,40,13.89,4,0.13,2.4,114.6,124.1,1,124.1,9.5,1,1
10794,R18,D37,Mumbai,13,20,8.71,3,0.06,1.3,78.8,69.1,1,69.1,-9.700000000000003,1,1
10795,R50,D89,Delhi,14,28,10.83,4,0.04,3.6,94.5,92.5,1,92.5,-2.0,1,1
10796,R42,D64,Delhi,13,22,14.02,4,0.07,1.9,117.0,109.6,1,109.6,-7.400000000000006,1,1
10797,R32,D59,Delhi,22,17,4.35,5,0.13,1.6,64.4,51.6,1,51.6,-12.800000000000004,1,1
10798,R5,D36,Bangalore,21,13,11.87,5,0.14,0.0,93.7,97.8,1,97.8,4.099999999999994,1,1
10799,R40,D78,Delhi,11,20,2.7,3,0.29,1.0,50.0,44.8,0,44.8,-5.200000000000003,0,0
10800,R18,D63,Bangalore,13,19,4.01,4,0.18,3.4,45.2,48.8,0,48.8,3.5999999999999943,1,1
10801,R6,D53,Hyderabad,22,29,0.83,5,0.77,1.7,44.8,48.5,0,48.5,3.700000000000003,1,1
10802,R10,D91,Bangalore,22,15,11.93,3,0.06,1.2,93.3,82.2,1,82.2,-11.099999999999994,1,1
10803,R45,D9,Hyderabad,0,29,8.79,2,0.0,2.2,59.3,68.5,1,68.5,9.200000000000003,1,0
10804,R15,D75,Mumbai,15,28,1.2,1,0.14,1.3,20.2,33.0,0,33.0,12.8,0,0
10805,R12,D30,Hyderabad,14,9,3.86,2,0.91,4.7,41.5,31.7,0,31.7,-9.8,0,1
10806,R13,D78,Bangalore,12,22,12.35,3,0.39,0.8,104.5,95.8,0,95.8,-8.700000000000003,1,1
10807,R33,D3,Bangalore,20,8,7.3,5,0.44,2.3,55.7,67.8,0,67.8,12.099999999999994,1,1
10808,R3,D9,Hyderabad,13,34,8.17,4,0.89,2.3,97.2,96.9,0,96.9,-0.29999999999999716,1,1
10809,R26,D97,Delhi,22,15,7.8,4,0.16,1.5,63.7,69.5,1,69.5,5.799999999999997,1,1
10810,R13,D97,Bangalore,14,14,7.02,4,0.15,0.7,63.3,68.3,0,68.3,5.0,1,1
10811,R24,D27,Hyderabad,12,20,14.24,5,0.18,1.9,114.5,120.9,0,120.9,6.400000000000006,1,1
10812,R31,D6,Hyderabad,13,17,5.0,4,0.0,0.3,51.3,54.8,0,54.8,3.5,1,1
10813,R40,D59,Delhi,21,28,1.24,4,0.38,0.2,37.3,52.3,0,52.3,15.0,1,1
10814,R25,D43,Hyderabad,8,14,2.56,4,0.02,1.5,36.7,41.2,0,41.2,4.5,0,0
10815,R10,D55,Delhi,6,5,14.87,1,0.01,4.6,64.9,61.8,0,61.8,-3.1000000000000085,1,0
10816,R22,D79,Delhi,8,40,8.44,4,0.15,3.4,98.6,97.8,0,97.8,-0.7999999999999972,1,0
10817,R15,D3,Hyderabad,21,37,4.86,5,0.22,1.3,74.2,84.6,0,84.6,10.399999999999991,1,1
10818,R30,D20,Bangalore,23,28,6.48,2,0.32,4.7,43.2,58.5,0,58.5,15.299999999999997,1,0
10819,R28,D20,Hyderabad,19,26,14.1,2,0.8,2.9,102.5,101.2,1,101.2,-1.2999999999999972,1,1
10820,R11,D77,Delhi,19,11,1.69,5,0.0,4.9,14.6,31.5,0,31.5,16.9,0,1
10821,R9,D38,Delhi,11,10,1.09,4,0.83,3.1,27.8,33.1,0,33.1,5.300000000000001,0,0
10822,R7,D35,Delhi,19,23,2.51,4,0.17,2.5,37.1,43.9,0,43.9,6.799999999999997,0,1
10823,R31,D58,Delhi,9,23,9.98,4,0.57,3.3,71.4,87.3,1,87.3,15.899999999999991,1,0
10824,R8,D19,Bangalore,4,14,10.98,2,0.07,2.0,71.6,66.7,1,66.7,-4.8999999999999915,1,0
10825,R46,D27,Hyderabad,11,15,6.17,2,0.01,4.1,49.9,41.0,0,41.0,-8.899999999999999,0,0
10826,R21,D96,Hyderabad,5,5,13.1,1,0.05,0.2,49.0,57.7,0,57.7,8.700000000000003,1,0
10827,R12,D54,Bangalore,11,26,12.1,2,0.0,1.1,80.2,82.1,0,82.1,1.8999999999999915,1,0
10828,R34,D76,Mumbai,19,34,14.48,4,0.06,0.1,133.7,125.8,1,125.8,-7.8999999999999915,1,1
10829,R30,D78,Mumbai,7,33,4.34,4,0.17,2.0,70.3,62.7,1,62.7,-7.599999999999994,1,0
10830,R1,D56,Bangalore,8,39,12.31,2,0.4,3.2,112.7,100.0,1,100.0,-12.700000000000003,1,0
10831,R43,D71,Delhi,7,29,8.63,2,0.11,3.2,76.7,71.2,1,71.2,-5.5,1,0
10832,R43,D38,Delhi,22,18,11.07,3,0.32,3.2,89.0,77.9,0,77.9,-11.099999999999994,1,1
10833,R5,D100,Delhi,3,33,5.39,2,0.17,3.1,49.5,61.2,0,61.2,11.700000000000003,1,0
10834,R35,D33,Bangalore,2,9,2.85,2,0.68,3.8,32.9,27.2,0,27.2,-5.699999999999999,0,0
10835,R33,D100,Hyderabad,12,35,11.72,4,0.6,4.6,115.8,113.5,1,113.5,-2.299999999999997,1,1
10836,R3,D5,Hyderabad,14,27,0.75,4,0.07,1.6,39.4,40.8,0,40.8,1.3999999999999986,0,1
10837,R38,D18,Hyderabad,21,12,9.56,1,0.33,1.5,62.8,50.9,1,50.9,-11.899999999999999,1,1
10838,R17,D49,Mumbai,13,9,14.64,3,0.1,1.4,85.7,87.0,0,87.0,1.2999999999999972,1,1
10839,R7,D47,Bangalore,13,26,5.12,2,0.12,1.6,38.0,52.6,0,52.6,14.600000000000001,1,1
10840,R37,D89,Delhi,9,11,13.48,3,0.57,1.3,84.7,84.1,1,84.1,-0.6000000000000085,1,0
10841,R31,D6,Hyderabad,15,39,2.05,1,0.19,0.9,56.3,48.9,0,48.9,-7.399999999999999,1,0
10842,R47,D91,Mumbai,14,37,3.96,4,0.55,4.2,70.8,69.4,1,69.4,-1.3999999999999915,1,1
10843,R34,D38,Delhi,14,31,13.71,3,0.05,3.2,93.1,104.4,1,104.4,11.300000000000011,1,1
10844,R9,D74,Mumbai,3,20,2.42,1,0.5,0.7,38.8,36.2,0,36.2,-2.5999999999999943,0,0
10845,R45,D2,Hyderabad,12,33,2.59,4,0.16,3.3,60.7,58.6,0,58.6,-2.1000000000000014,1,1
10846,R23,D25,Mumbai,21,32,1.21,1,0.09,2.3,21.7,34.5,0,34.5,12.8,0,1
10847,R28,D99,Bangalore,19,34,5.54,4,0.09,2.0,53.3,69.8,1,69.8,16.5,1,1
10848,R32,D50,Mumbai,23,14,2.09,3,0.48,4.0,40.7,31.2,0,31.2,-9.500000000000004,0,0
10849,R19,D33,Mumbai,23,16,9.6,5,0.58,2.8,75.7,89.4,1,89.4,13.700000000000003,1,0
10850,R49,D55,Delhi,8,17,9.62,3,0.19,3.1,65.5,71.8,0,71.8,6.299999999999997,1,0
10851,R35,D43,Hyderabad,14,6,10.5,2,0.18,2.1,69.1,56.8,0,56.8,-12.299999999999997,1,1
10852,R9,D29,Mumbai,12,7,4.22,5,0.86,4.5,34.5,48.7,0,48.7,14.200000000000003,1,1
10853,R39,D69,Mumbai,14,22,8.35,4,0.2,1.1,79.1,78.6,0,78.6,-0.5,1,1
10854,R18,D1,Hyderabad,11,33,8.57,1,0.59,1.0,59.5,71.1,0,71.1,11.599999999999994,1,0
10855,R13,D17,Delhi,22,19,9.47,1,0.49,3.8,64.9,56.9,1,56.9,-8.000000000000007,1,1
10856,R25,D1,Mumbai,20,31,2.07,5,0.04,4.1,54.0,50.7,0,50.7,-3.299999999999997,1,1
10857,R38,D75,Delhi,5,39,10.08,1,0.09,1.6,86.6,78.5,1,78.5,-8.099999999999994,1,0
10858,R19,D49,Hyderabad,3,13,13.56,1,0.14,4.5,64.6,66.1,0,66.1,1.5,1,0
10859,R15,D17,Mumbai,23,39,13.32,1,0.11,1.7,99.9,91.4,1,91.4,-8.5,1,0
10860,R15,D90,Bangalore,22,9,6.62,4,0.5,5.0,38.4,54.6,0,54.6,16.200000000000003,1,1
10861,R2,D93,Bangalore,12,10,1.7,3,0.19,1.9,32.1,27.5,0,27.5,-4.600000000000001,0,1
10862,R21,D49,Bangalore,23,23,11.41,2,0.02,2.4,65.0,76.7,0,76.7,11.700000000000003,1,0
10863,R33,D80,Bangalore,13,7,7.85,4,0.86,1.9,55.9,64.6,1,64.6,8.699999999999996,1,1
10864,R25,D73,Bangalore,12,22,7.92,5,0.07,2.9,82.5,85.4,1,85.4,2.9000000000000057,1,1
10865,R16,D53,Hyderabad,19,38,3.18,2,0.05,4.2,34.0,50.9,0,50.9,16.9,1,1
10866,R17,D83,Mumbai,22,36,13.27,3,0.49,2.0,107.3,112.3,0,112.3,5.0,1,1
10867,R47,D22,Delhi,20,6,4.02,4,0.14,1.1,47.2,38.0,0,38.0,-9.200000000000003,0,1
10868,R19,D81,Hyderabad,13,23,13.06,1,0.08,3.4,55.3,71.6,1,71.6,16.299999999999997,1,1
10869,R25,D40,Hyderabad,9,37,8.85,4,0.57,1.8,113.7,101.2,1,101.2,-12.5,1,0
10870,R9,D60,Bangalore,10,7,4.7,3,0.2,4.8,36.5,35.9,0,35.9,-0.6000000000000014,0,0
10871,R8,D51,Mumbai,3,10,1.87,3,0.11,3.0,11.3,22.4,0,22.4,11.099999999999998,0,0
10872,R26,D83,Delhi,1,31,12.89,3,0.19,3.8,97.4,99.4,1,99.4,2.0,1,0
10873,R36,D93,Bangalore,12,18,12.4,5,0.01,0.6,101.6,107.3,0,107.3,5.700000000000003,1,1
10874,R45,D64,Delhi,3,31,13.79,4,0.14,4.4,118.4,109.3,0,109.3,-9.100000000000009,1,0
10875,R37,D37,Bangalore,20,19,6.26,4,0.17,0.9,65.6,67.4,1,67.4,1.8000000000000114,1,1
10876,R29,D36,Delhi,12,10,4.2,1,0.15,4.7,32.5,25.7,0,25.7,-6.800000000000001,0,1
10877,R26,D55,Hyderabad,1,38,10.56,1,0.03,1.0,74.5,79.8,0,79.8,5.299999999999997,1,0
10878,R6,D98,Bangalore,22,9,5.15,4,0.69,1.8,56.6,56.4,0,56.4,-0.20000000000000284,1,1
10879,R32,D55,Mumbai,21,23,11.37,1,0.05,2.2,69.7,66.7,0,66.7,-3.0,1,1
10880,R34,D18,Hyderabad,12,28,9.41,2,0.02,4.1,54.6,69.7,1,69.7,15.100000000000001,1,1
10881,R37,D24,Bangalore,17,21,8.95,1,0.48,3.8,48.0,56.1,0,56.1,8.100000000000001,1,0
10882,R39,D98,Hyderabad,14,23,2.61,5,0.12,2.8,47.9,47.8,0,47.8,-0.10000000000000142,1,1
10883,R13,D23,Mumbai,12,23,11.82,5,0.09,3.1,103.3,101.1,0,101.1,-2.200000000000003,1,1
10884,R27,D4,Hyderabad,12,24,8.64,5,0.44,4.5,95.9,93.2,0,93.2,-2.700000000000003,1,1
10885,R2,D37,Bangalore,16,12,14.73,4,0.37,3.9,90.7,103.3,0,103.3,12.599999999999994,1,0
10886,R6,D71,Hyderabad,21,31,9.64,5,0.04,4.2,94.8,102.4,1,102.4,7.6000000000000085,1,1
10887,R49,D16,Delhi,8,30,8.35,1,0.32,0.2,57.6,67.9,1,67.9,10.300000000000004,1,0
10888,R33,D56,Hyderabad,15,9,14.98,1,0.2,1.0,54.0,70.2,0,70.2,16.200000000000003,1,0
10889,R25,D68,Bangalore,21,10,4.75,4,0.33,4.3,47.4,45.1,0,45.1,-2.299999999999997,1,1
10890,R4,D94,Delhi,13,22,0.74,4,0.31,2.2,36.2,33.1,0,33.1,-3.1000000000000014,0,1
10891,R23,D3,Bangalore,18,35,13.88,4,0.2,3.9,106.7,115.8,0,115.8,9.099999999999994,1,0
10892,R13,D26,Hyderabad,12,25,5.69,5,0.04,4.6,76.3,66.1,0,66.1,-10.200000000000003,1,1
10893,R6,D78,Mumbai,12,19,11.38,3,0.1,2.9,65.7,80.5,0,80.5,14.799999999999997,1,1
10894,R19,D40,Delhi,20,25,1.19,5,0.06,1.4,47.7,39.7,0,39.7,-8.0,0,1
10895,R35,D14,Mumbai,18,37,2.97,1,0.0,4.1,35.1,44.3,0,44.3,9.199999999999996,0,0
10896,R27,D22,Delhi,18,33,3.89,2,0.82,4.2,43.2,59.3,0,59.3,16.099999999999994,1,0
10897,R49,D58,Bangalore,22,30,10.37,5,0.76,1.2,120.8,114.0,1,114.0,-6.799999999999997,1,1
10898,R1,D49,Mumbai,12,16,3.75,3,0.76,1.8,35.7,49.6,0,49.6,13.899999999999999,1,1
10899,R37,D20,Bangalore,20,9,14.73,2,0.9,2.8,89.2,87.5,0,87.5,-1.7000000000000028,1,1
10900,R35,D3,Mumbai,12,26,12.08,5,0.14,3.6,113.3,110.8,1,110.8,-2.5,1,1
10901,R39,D44,Bangalore,21,27,7.05,4,0.52,2.2,70.4,75.4,1,75.4,5.0,1,1
10902,R13,D70,Mumbai,14,33,4.49,5,0.85,2.5,81.9,80.2,0,80.2,-1.7000000000000028,1,1
10903,R33,D64,Mumbai,4,25,7.98,1,0.2,2.6,45.5,55.4,1,55.4,9.899999999999999,1,0
10904,R18,D4,Delhi,15,29,11.05,2,0.09,4.5,67.3,76.3,1,76.3,9.0,1,0
10905,R34,D51,Hyderabad,20,13,5.62,5,0.06,2.7,68.7,59.7,0,59.7,-9.0,1,1
10906,R13,D70,Bangalore,12,21,1.65,4,0.74,2.4,49.2,48.9,0,48.9,-0.30000000000000426,1,1
10907,R38,D29,Mumbai,14,28,1.98,5,0.19,0.1,68.9,57.4,0,57.4,-11.500000000000007,1,1
10908,R2,D79,Delhi,9,21,3.75,1,0.13,2.9,31.5,34.0,0,34.0,2.5,0,0
10909,R34,D91,Delhi,21,7,1.75,3,0.08,4.1,20.4,18.8,0,18.8,-1.5999999999999979,0,1
10910,R27,D61,Bangalore,13,33,12.85,1,0.31,3.2,68.9,84.8,1,84.8,15.899999999999991,1,1
10911,R30,D50,Bangalore,23,35,8.64,3,0.17,1.2,80.7,85.6,0,85.6,4.8999999999999915,1,0
10912,R22,D72,Hyderabad,21,37,6.52,5,0.11,3.5,78.4,87.0,0,87.0,8.599999999999994,1,1
10913,R47,D76,Hyderabad,10,23,3.08,1,0.56,2.1,45.5,36.0,1,36.0,-9.5,0,0
10914,R20,D48,Mumbai,20,9,14.4,2,0.55,4.3,59.2,75.2,1,75.2,16.0,1,1
10915,R41,D55,Mumbai,9,24,4.62,2,0.35,0.7,48.5,52.8,0,52.8,4.299999999999997,1,0
10916,R29,D93,Delhi,20,5,2.38,5,0.2,4.7,27.6,23.4,0,23.4,-4.200000000000003,0,1
10917,R7,D95,Mumbai,12,13,3.4,2,0.17,1.9,20.8,29.9,0,29.9,9.099999999999998,0,1
10918,R46,D71,Hyderabad,14,15,11.62,4,0.14,1.8,87.4,87.5,1,87.5,0.09999999999999432,1,1
10919,R9,D49,Mumbai,1,25,2.57,1,0.16,3.3,43.5,34.4,0,34.4,-9.100000000000001,0,0
10920,R8,D83,Hyderabad,13,18,3.38,5,0.86,4.8,61.6,61.3,0,61.3,-0.30000000000000426,1,1
10921,R40,D28,Hyderabad,3,32,12.09,3,0.12,1.2,87.7,97.4,0,97.4,9.700000000000003,1,0
10922,R35,D27,Delhi,21,22,6.56,4,0.13,4.0,55.1,64.3,1,64.3,9.199999999999996,1,1
10923,R50,D64,Bangalore,13,33,0.54,4,0.26,3.0,38.2,48.8,0,48.8,10.599999999999994,1,1
10924,R21,D18,Mumbai,12,11,2.45,3,0.15,0.2,36.5,29.2,0,29.2,-7.300000000000001,0,1
10925,R30,D67,Hyderabad,12,28,10.18,3,0.41,4.6,74.0,90.5,0,90.5,16.5,1,1
10926,R16,D50,Bangalore,10,12,7.17,2,0.17,4.6,31.5,43.5,0,43.5,12.0,0,0
10927,R38,D96,Delhi,2,24,3.38,2,0.4,4.6,49.8,46.2,0,46.2,-3.5999999999999943,1,0
10928,R39,D15,Mumbai,20,14,2.18,3,0.17,3.8,29.2,26.0,0,26.0,-3.1999999999999993,0,1
10929,R25,D52,Bangalore,12,7,2.25,4,0.86,3.8,40.4,35.5,1,35.5,-4.899999999999999,0,1
10930,R37,D25,Hyderabad,20,39,0.69,3,0.13,0.7,35.3,51.6,0,51.6,16.300000000000004,1,1
10931,R26,D81,Mumbai,0,25,14.74,1,0.06,3.5,88.8,80.6,1,80.6,-8.200000000000003,1,0
10932,R48,D95,Bangalore,6,27,2.36,3,0.64,0.6,42.7,49.9,0,49.9,7.199999999999996,1,0
10933,R20,D98,Mumbai,12,21,14.15,5,1.0,2.1,121.1,123.3,1,123.3,2.200000000000003,1,1
10934,R39,D80,Bangalore,19,32,6.68,4,0.08,4.7,57.3,69.5,0,69.5,12.200000000000003,1,1
10935,R41,D83,Bangalore,14,23,0.97,2,0.96,2.8,44.8,38.2,0,38.2,-6.599999999999994,0,1
10936,R24,D57,Delhi,22,16,14.21,3,0.17,0.0,98.8,92.3,1,92.3,-6.5,1,1
10937,R14,D4,Hyderabad,19,33,6.28,5,0.02,2.6,73.6,86.2,1,86.2,12.600000000000009,1,1
10938,R47,D14,Delhi,17,10,3.33,1,0.09,0.4,23.1,24.2,0,24.2,1.0999999999999979,0,0
10939,R20,D26,Hyderabad,14,17,0.86,4,0.04,2.1,17.4,30.8,1,30.8,13.400000000000002,0,1
10940,R13,D86,Mumbai,20,33,13.87,5,0.18,0.3,111.4,127.8,1,127.8,16.39999999999999,1,1
10941,R18,D52,Hyderabad,21,26,9.59,1,0.01,2.3,52.4,61.5,1,61.5,9.100000000000001,1,1
10942,R50,D71,Bangalore,8,5,5.07,3,0.14,3.0,33.6,32.7,0,32.7,-0.8999999999999986,0,0
10943,R26,D78,Hyderabad,19,17,7.22,4,0.37,0.5,73.4,75.9,0,75.9,2.5,1,1
10944,R32,D62,Delhi,12,25,6.83,3,0.14,2.8,46.7,61.7,0,61.7,15.0,1,1
10945,R17,D22,Hyderabad,4,6,3.61,1,0.09,2.1,21.0,19.1,0,19.1,-1.8999999999999986,0,0
10946,R17,D13,Bangalore,14,37,9.13,5,0.16,4.9,110.0,108.2,0,108.2,-1.7999999999999972,1,1
10947,R43,D66,Bangalore,2,39,13.96,4,0.06,4.4,119.4,119.3,1,119.3,-0.10000000000000853,1,0
10948,R33,D48,Hyderabad,5,8,12.27,2,0.01,4.2,66.3,65.4,1,65.4,-0.8999999999999915,1,0
10949,R42,D86,Bangalore,23,36,10.28,3,0.77,0.8,104.6,101.5,0,101.5,-3.0999999999999943,1,0
10950,R43,D82,Bangalore,14,27,3.83,2,0.18,2.1,45.6,48.0,0,48.0,2.3999999999999986,1,1
10951,R45,D71,Mumbai,13,27,2.05,5,0.54,0.9,65.3,61.2,1,61.2,-4.099999999999994,1,1
10952,R40,D49,Hyderabad,21,32,0.87,4,0.06,0.5,50.3,44.5,0,44.5,-5.799999999999997,0,1
10953,R27,D36,Mumbai,14,19,4.36,4,0.14,4.9,45.0,46.2,0,46.2,1.2000000000000028,1,1
10954,R5,D55,Bangalore,19,10,4.85,3,0.43,1.8,58.1,45.1,0,45.1,-13.0,1,1
10955,R46,D53,Bangalore,13,31,13.47,3,0.2,0.5,94.7,106.7,0,106.7,12.0,1,1
10956,R18,D97,Delhi,21,12,9.44,4,0.13,3.9,76.8,71.6,0,71.6,-5.200000000000003,1,1
10957,R48,D9,Mumbai,1,39,8.35,4,0.0,1.4,79.1,93.0,1,93.0,13.900000000000006,1,0
10958,R21,D80,Mumbai,15,21,8.42,3,0.7,2.0,68.9,74.5,1,74.5,5.599999999999994,1,0
10959,R6,D42,Delhi,21,8,2.1,4,0.47,2.4,36.1,32.3,0,32.3,-3.8000000000000043,0,1
10960,R5,D61,Bangalore,19,19,12.57,4,0.15,2.1,90.1,99.3,1,99.3,9.200000000000003,1,1
10961,R4,D49,Hyderabad,12,24,12.2,3,0.62,5.0,99.7,90.9,0,90.9,-8.799999999999997,1,1
10962,R28,D64,Hyderabad,13,21,2.85,5,0.19,2.2,63.1,51.5,0,51.5,-11.600000000000001,1,1
10963,R15,D25,Bangalore,20,28,4.24,4,0.25,1.7,60.6,59.5,0,59.5,-1.1000000000000014,1,1
10964,R4,D2,Hyderabad,12,12,3.04,3,0.77,3.5,38.0,36.6,0,36.6,-1.3999999999999986,0,1
10965,R7,D11,Mumbai,12,10,5.9,5,0.1,1.9,36.1,52.6,0,52.6,16.5,1,1
10966,R34,D51,Hyderabad,4,17,13.18,1,0.58,0.1,70.4,75.1,1,75.1,4.699999999999989,1,0
10967,R11,D82,Hyderabad,14,12,13.83,2,0.11,1.1,83.1,77.5,1,77.5,-5.599999999999994,1,1
10968,R36,D45,Mumbai,21,37,3.04,2,0.13,1.3,39.9,56.0,0,56.0,16.1,1,1
10969,R17,D40,Delhi,13,26,11.23,5,0.17,4.7,115.7,109.7,0,109.7,-6.0,1,1
10970,R32,D88,Bangalore,22,18,4.02,3,0.13,4.3,28.9,43.7,0,43.7,14.800000000000004,0,1
10971,R46,D2,Bangalore,2,29,14.45,4,0.05,5.0,126.4,118.5,1,118.5,-7.900000000000006,1,0
10972,R15,D43,Mumbai,0,7,12.94,4,0.5,2.0,97.9,89.6,1,89.6,-8.300000000000011,1,0
10973,R12,D36,Delhi,14,28,4.29,4,0.17,0.3,63.5,63.9,1,63.9,0.3999999999999986,1,1
10974,R44,D84,Delhi,14,12,2.63,4,0.46,4.0,35.9,37.5,0,37.5,1.6000000000000014,0,1
10975,R49,D89,Bangalore,13,35,8.89,2,0.1,1.9,76.3,75.4,0,75.4,-0.8999999999999915,1,1
10976,R25,D91,Delhi,12,18,12.56,4,0.12,0.5,101.1,103.1,1,103.1,2.0,1,1
10977,R11,D73,Mumbai,23,37,13.9,3,0.11,0.6,97.0,112.1,0,112.1,15.099999999999994,1,0
10978,R30,D56,Hyderabad,12,37,12.7,4,0.57,0.6,119.4,124.9,1,124.9,5.5,1,1
10979,R4,D93,Mumbai,9,25,9.92,3,0.02,2.1,69.8,81.0,1,81.0,11.200000000000003,1,0
10980,R38,D41,Bangalore,12,6,7.13,5,0.18,1.6,58.0,65.1,0,65.1,7.099999999999994,1,1
10981,R3,D56,Hyderabad,15,32,4.4,1,0.75,3.5,67.6,55.0,1,55.0,-12.599999999999994,1,0
10982,R29,D70,Delhi,14,22,11.7,4,0.21,2.1,96.6,97.6,0,97.6,1.0,1,1
10983,R40,D52,Mumbai,22,5,8.16,4,0.11,2.6,45.1,59.9,1,59.9,14.799999999999997,1,1
10984,R38,D55,Mumbai,19,34,13.5,1,0.12,4.4,85.0,83.1,0,83.1,-1.9000000000000057,1,1
10985,R12,D49,Bangalore,12,40,12.89,5,0.97,3.9,120.2,133.7,0,133.7,13.499999999999986,1,1
10986,R19,D91,Bangalore,4,36,4.8,3,0.24,2.8,76.5,65.3,1,65.3,-11.200000000000003,1,0
10987,R12,D21,Mumbai,22,26,7.93,2,1.0,3.6,76.4,76.8,0,76.8,0.3999999999999915,1,1
10988,R24,D63,Bangalore,14,13,0.54,4,0.03,2.9,16.9,27.3,0,27.3,10.400000000000002,0,1
10989,R22,D53,Delhi,17,15,3.56,1,0.17,2.8,10.9,27.7,0,27.7,16.799999999999997,0,0
10990,R34,D84,Mumbai,13,33,3.99,2,0.97,4.0,54.9,61.4,0,61.4,6.5,1,1
10991,R45,D97,Bangalore,14,28,14.63,4,0.55,0.4,124.1,118.8,1,118.8,-5.299999999999997,1,1
10992,R29,D7,Mumbai,12,34,1.53,4,0.06,3.5,60.7,54.1,0,54.1,-6.600000000000001,1,1
10993,R21,D90,Delhi,14,14,12.06,4,0.69,1.7,81.9,95.4,0,95.4,13.5,1,1
10994,R6,D80,Mumbai,6,24,12.26,1,0.18,0.2,64.4,74.7,1,74.7,10.299999999999997,1,0
10995,R30,D38,Mumbai,11,33,4.21,3,0.16,0.3,70.7,65.3,1,65.3,-5.400000000000006,1,0
10996,R38,D71,Mumbai,8,24,14.0,2,0.11,4.6,81.6,86.4,1,86.4,4.800000000000011,1,0
10997,R4,D43,Delhi,13,22,10.72,3,0.63,0.8,74.3,90.3,0,90.3,16.0,1,1
10998,R50,D42,Bangalore,14,24,11.09,4,0.12,0.5,112.0,99.4,1,99.4,-12.599999999999994,1,1
10999,R22,D38,Hyderabad,1,16,2.94,1,0.35,4.7,9.6,26.6,0,26.6,17.0,0,0
11000,R9,D24,Hyderabad,11,8,0.65,4,0.15,1.7,18.5,25.1,0,25.1,6.600000000000001,0,0
11001,R44,D88,Delhi,21,7,6.85,1,0.17,0.6,40.1,34.8,0,34.8,-5.300000000000004,0,1
11002,R42,D4,Mumbai,2,8,0.64,2,0.45,0.1,13.2,19.8,0,19.8,6.600000000000001,0,0
11003,R14,D55,Bangalore,21,9,1.54,3,0.24,4.4,14.8,21.4,0,21.4,6.599999999999998,0,1
11004,R24,D88,Delhi,13,29,1.52,2,0.43,2.0,27.4,42.6,0,42.6,15.200000000000003,0,1
11005,R46,D57,Hyderabad,14,20,14.94,4,0.14,1.0,128.3,115.7,0,115.7,-12.600000000000009,1,1
11006,R2,D1,Hyderabad,22,15,5.35,1,0.03,4.9,23.8,32.2,0,32.2,8.400000000000002,0,1
11007,R17,D24,Bangalore,20,19,11.94,3,0.17,0.2,83.1,89.4,1,89.4,6.300000000000011,1,1
11008,R49,D70,Hyderabad,20,5,2.7,5,0.02,4.6,36.8,26.1,0,26.1,-10.699999999999996,0,1
11009,R49,D73,Hyderabad,14,16,1.77,4,0.12,4.8,35.6,28.7,0,28.7,-6.900000000000002,0,1
11010,R10,D59,Delhi,20,9,4.21,5,0.65,0.6,65.8,60.2,1,60.2,-5.599999999999994,1,1
11011,R13,D56,Mumbai,14,15,1.48,5,0.1,0.0,23.3,36.9,0,36.9,13.599999999999998,0,1
11012,R35,D48,Delhi,19,25,8.75,4,0.19,2.6,95.1,84.6,0,84.6,-10.5,1,1
11013,R49,D90,Mumbai,13,14,7.87,4,0.71,1.6,54.4,66.4,0,66.4,12.000000000000007,1,1
11014,R11,D1,Bangalore,12,23,8.28,4,0.17,1.3,67.0,77.7,1,77.7,10.700000000000003,1,1
11015,R48,D68,Bangalore,13,17,10.67,4,0.49,4.9,95.5,86.9,1,86.9,-8.599999999999994,1,1
11016,R29,D64,Delhi,4,11,4.03,3,0.01,1.7,37.8,34.3,0,34.3,-3.5,0,0
11017,R23,D92,Mumbai,17,34,7.16,2,0.44,3.4,78.2,74.7,0,74.7,-3.5,1,0
11018,R48,D10,Hyderabad,14,7,12.98,3,0.41,1.3,69.3,84.3,1,84.3,15.0,1,1
11019,R11,D20,Bangalore,6,12,6.59,1,0.95,2.1,53.1,43.8,1,43.8,-9.300000000000004,0,0
11020,R15,D90,Hyderabad,2,37,12.16,2,0.43,1.5,87.7,98.8,1,98.8,11.099999999999994,1,0
11021,R50,D25,Mumbai,21,5,4.88,4,0.03,2.2,33.0,42.3,0,42.3,9.299999999999997,0,1
11022,R43,D18,Delhi,10,22,10.27,1,0.1,3.7,45.7,59.8,0,59.8,14.099999999999994,1,0
11023,R27,D19,Mumbai,2,29,4.32,1,0.65,4.9,46.5,52.5,1,52.5,6.0,1,0
11024,R35,D31,Mumbai,12,7,12.23,3,0.02,2.0,69.9,72.9,0,72.9,3.0,1,1
11025,R45,D73,Delhi,22,30,9.01,5,0.91,3.2,103.0,108.9,0,108.9,5.900000000000006,1,1
11026,R18,D51,Hyderabad,23,29,14.45,1,0.04,1.8,96.2,85.4,0,85.4,-10.799999999999997,1,0
11027,R20,D66,Bangalore,5,30,9.14,2,0.43,0.9,90.4,78.0,1,78.0,-12.400000000000006,1,0
11028,R24,D100,Bangalore,13,12,14.03,3,0.2,1.2,84.8,92.8,1,92.8,8.0,1,1
11029,R20,D28,Bangalore,22,19,10.04,4,0.02,3.2,77.4,83.7,1,83.7,6.299999999999997,1,1
11030,R8,D11,Delhi,17,10,13.78,3,0.28,3.7,80.9,84.1,1,84.1,3.1999999999999886,1,0
11031,R44,D84,Hyderabad,13,17,9.82,3,0.13,4.0,70.5,74.2,0,74.2,3.700000000000003,1,1
11032,R37,D56,Hyderabad,16,17,3.33,1,0.93,3.1,32.6,33.5,0,33.5,0.8999999999999986,0,0
11033,R24,D42,Bangalore,12,35,12.92,3,0.32,4.7,114.2,102.2,0,102.2,-12.0,1,1
11034,R8,D99,Mumbai,23,10,7.67,1,0.01,3.5,19.6,35.8,0,35.8,16.199999999999996,0,0
11035,R37,D93,Hyderabad,11,13,10.93,5,0.07,1.2,84.2,87.9,0,87.9,3.700000000000003,1,0
11036,R13,D67,Mumbai,13,35,10.52,5,0.16,2.1,102.3,107.4,0,107.4,5.1000000000000085,1,1
11037,R36,D59,Bangalore,22,36,11.92,2,0.1,0.5,95.8,93.5,0,93.5,-2.299999999999997,1,1
11038,R36,D29,Mumbai,18,32,13.88,3,0.11,2.2,116.3,104.4,0,104.4,-11.899999999999991,1,0
11039,R10,D19,Mumbai,23,6,9.7,3,0.74,4.3,69.5,65.9,0,65.9,-3.5999999999999943,1,0
11040,R12,D94,Delhi,22,16,12.41,4,0.86,1.2,115.3,108.3,1,108.3,-7.0,1,1
11041,R42,D15,Bangalore,14,36,4.5,5,0.0,1.5,81.2,71.5,1,71.5,-9.700000000000003,1,1
11042,R50,D50,Mumbai,19,37,11.88,4,0.05,0.3,108.0,115.4,0,115.4,7.400000000000006,1,1
11043,R12,D81,Bangalore,22,22,1.54,4,0.18,4.7,23.7,34.4,0,34.4,10.7,0,1
11044,R36,D64,Delhi,1,35,12.15,4,0.27,0.4,120.9,118.1,1,118.1,-2.8000000000000114,1,0
11045,R5,D26,Mumbai,16,30,7.21,3,0.09,0.4,80.5,73.6,0,73.6,-6.900000000000006,1,0
11046,R12,D17,Hyderabad,0,34,14.41,3,0.19,1.8,118.7,115.2,0,115.2,-3.5,1,0
11047,R45,D89,Delhi,14,10,9.63,3,0.21,2.9,51.6,63.8,0,63.8,12.199999999999996,1,1
11048,R23,D4,Delhi,22,22,14.9,4,0.57,0.0,112.1,119.8,0,119.8,7.700000000000003,1,1
11049,R28,D64,Hyderabad,13,33,13.89,5,0.02,3.5,118.4,123.2,1,123.2,4.799999999999997,1,1
11050,R45,D29,Hyderabad,14,29,14.64,4,0.12,3.2,108.0,118.3,1,118.3,10.299999999999997,1,1
11051,R45,D48,Hyderabad,5,28,5.57,1,0.03,4.9,45.3,43.7,0,43.7,-1.5999999999999943,0,0
11052,R37,D98,Delhi,21,23,6.5,4,0.7,4.6,58.8,73.6,0,73.6,14.799999999999997,1,1
11053,R40,D16,Hyderabad,20,20,12.59,5,0.05,1.3,115.2,107.1,0,107.1,-8.100000000000009,1,1
11054,R11,D19,Mumbai,13,37,6.59,4,0.57,2.7,79.4,88.3,1,88.3,8.899999999999991,1,1
11055,R7,D2,Hyderabad,14,16,2.17,4,0.01,1.0,36.1,38.9,0,38.9,2.799999999999997,0,1
11056,R50,D17,Bangalore,12,24,4.53,4,0.57,2.8,56.2,62.5,1,62.5,6.299999999999997,1,1
11057,R8,D27,Hyderabad,13,27,8.17,4,0.43,4.8,91.4,80.7,0,80.7,-10.700000000000003,1,1
11058,R5,D34,Delhi,20,21,10.59,3,0.04,0.2,74.8,79.6,0,79.6,4.799999999999997,1,1
11059,R48,D18,Bangalore,6,24,7.13,1,0.08,2.3,57.6,50.6,0,50.6,-7.0,1,0
11060,R35,D4,Bangalore,21,14,8.75,3,0.58,0.4,55.8,70.9,1,70.9,15.100000000000009,1,1
11061,R3,D39,Mumbai,1,14,3.81,3,0.58,3.0,47.4,41.9,0,41.9,-5.5,0,0
11062,R49,D98,Mumbai,12,38,14.91,4,0.05,5.0,114.6,125.0,1,125.0,10.400000000000006,1,1
11063,R30,D57,Bangalore,3,32,11.86,2,0.38,3.0,96.7,91.2,1,91.2,-5.5,1,0
11064,R42,D48,Mumbai,12,19,11.15,4,0.05,3.6,84.8,92.9,1,92.9,8.100000000000009,1,1
11065,R38,D95,Bangalore,14,15,14.39,4,0.03,4.4,98.6,99.2,0,99.2,0.6000000000000085,1,1
11066,R7,D61,Hyderabad,13,31,2.04,5,0.12,1.8,44.0,56.4,0,56.4,12.399999999999999,1,1
11067,R41,D19,Delhi,19,16,2.76,4,0.16,3.8,42.3,37.1,0,37.1,-5.199999999999996,0,1
11068,R32,D32,Mumbai,19,16,1.95,2,0.2,1.2,39.6,29.1,0,29.1,-10.5,0,1
11069,R43,D10,Hyderabad,18,23,10.56,3,0.19,3.1,84.6,79.5,0,79.5,-5.099999999999994,1,0
11070,R8,D64,Bangalore,12,36,14.21,4,0.05,4.3,122.3,118.9,0,118.9,-3.3999999999999915,1,1
11071,R17,D76,Hyderabad,6,17,11.23,1,0.11,2.2,58.9,60.3,0,60.3,1.3999999999999986,1,0
11072,R38,D43,Bangalore,12,15,0.65,3,0.14,3.8,13.0,22.3,0,22.3,9.3,0,1
11073,R12,D51,Hyderabad,20,15,14.24,4,0.67,2.4,96.4,108.8,1,108.8,12.399999999999991,1,1
11074,R26,D45,Bangalore,14,13,0.9,3,0.15,1.6,11.7,27.4,0,27.4,15.7,0,1
11075,R21,D97,Hyderabad,12,34,10.19,5,0.13,3.8,107.2,104.3,0,104.3,-2.9000000000000057,1,1
11076,R2,D83,Delhi,12,11,3.73,4,0.83,1.1,36.9,48.6,1,48.6,11.700000000000003,1,1
11077,R12,D10,Delhi,23,12,10.81,2,0.81,1.5,64.8,72.0,0,72.0,7.200000000000003,1,0
11078,R4,D50,Delhi,4,5,1.12,2,0.11,2.6,16.6,11.5,0,11.5,-5.100000000000001,0,0
11079,R26,D37,Hyderabad,3,32,11.0,1,0.66,4.0,82.2,78.5,1,78.5,-3.700000000000003,1,0
11080,R11,D79,Delhi,19,23,11.12,5,0.94,0.5,111.5,116.3,0,116.3,4.799999999999997,1,1
11081,R40,D36,Bangalore,23,17,2.11,2,0.01,3.4,38.4,27.3,0,27.3,-11.099999999999998,0,0
11082,R35,D44,Mumbai,20,11,0.56,4,0.07,1.2,14.1,26.2,0,26.2,12.1,0,1
11083,R40,D22,Bangalore,13,39,10.61,3,0.09,4.2,98.2,96.9,1,96.9,-1.2999999999999972,1,1
11084,R14,D28,Hyderabad,19,37,5.38,2,0.42,2.0,57.2,65.1,0,65.1,7.8999999999999915,1,1
11085,R1,D10,Mumbai,14,15,3.42,3,0.12,4.9,37.8,33.0,0,33.0,-4.799999999999997,0,1
11086,R31,D42,Bangalore,22,36,6.09,4,0.08,0.0,87.0,84.4,1,84.4,-2.5999999999999943,1,1
11087,R50,D10,Mumbai,22,31,2.19,5,0.14,2.7,52.4,54.5,0,54.5,2.1000000000000014,1,1
11088,R2,D92,Mumbai,15,28,10.59,4,0.11,4.1,89.4,91.2,0,91.2,1.7999999999999972,1,0
11089,R11,D44,Delhi,13,32,9.61,1,0.65,0.1,72.1,76.7,0,76.7,4.6000000000000085,1,1
11090,R20,D9,Hyderabad,22,36,0.81,1,0.16,2.8,30.5,39.2,0,39.2,8.700000000000003,0,1
11091,R13,D78,Delhi,13,20,4.69,4,0.19,4.0,48.3,49.3,0,49.3,1.0,1,1
11092,R21,D2,Mumbai,23,30,13.2,2,0.03,0.7,93.6,92.5,1,92.5,-1.0999999999999943,1,0
11093,R35,D23,Delhi,21,27,8.04,5,0.0,3.3,79.1,79.9,1,79.9,0.8000000000000114,1,1
11094,R39,D95,Hyderabad,14,11,8.52,4,0.17,1.9,57.1,63.8,1,63.8,6.699999999999996,1,1
11095,R44,D52,Bangalore,21,18,0.75,5,0.32,1.0,50.4,37.7,0,37.7,-12.699999999999996,0,1
11096,R37,D7,Hyderabad,0,12,8.2,1,0.52,1.0,41.5,50.4,0,50.4,8.899999999999999,1,0
11097,R17,D17,Bangalore,21,26,14.34,4,0.19,0.2,124.8,114.5,0,114.5,-10.299999999999997,1,1
11098,R28,D62,Mumbai,13,16,3.17,5,0.69,3.2,45.3,53.1,0,53.1,7.800000000000004,1,1
11099,R20,D70,Delhi,10,28,9.16,3,0.07,1.1,68.8,77.2,0,77.2,8.400000000000006,1,0
11100,R14,D14,Mumbai,1,5,11.24,2,0.13,3.6,58.7,56.7,0,56.7,-2.0,1,0
11101,R11,D55,Delhi,20,27,8.56,4,0.33,0.9,74.5,88.5,1,88.5,14.0,1,1
11102,R33,D42,Hyderabad,19,33,1.47,3,0.01,0.5,52.5,46.6,0,46.6,-5.899999999999999,1,1
11103,R23,D99,Mumbai,14,23,2.13,5,0.34,2.9,33.9,44.8,0,44.8,10.899999999999999,0,1
11104,R32,D66,Bangalore,12,38,3.66,2,0.48,4.6,58.6,61.4,0,61.4,2.799999999999997,1,1
11105,R12,D72,Bangalore,20,35,8.38,3,0.42,1.6,93.2,85.2,1,85.2,-8.0,1,1
11106,R21,D94,Mumbai,19,11,7.92,5,0.07,1.9,76.9,65.9,0,65.9,-11.0,1,1
11107,R26,D76,Bangalore,7,18,12.3,1,0.3,1.3,68.0,67.4,1,67.4,-0.5999999999999943,1,0
11108,R3,D15,Bangalore,21,35,3.8,1,0.18,0.5,43.3,51.6,0,51.6,8.300000000000004,1,1
11109,R42,D38,Hyderabad,14,38,4.81,5,0.18,2.2,90.9,81.2,1,81.2,-9.700000000000003,1,1
11110,R46,D74,Delhi,4,38,11.26,4,0.01,3.7,114.8,106.6,0,106.6,-8.200000000000003,1,0
11111,R20,D68,Mumbai,22,10,7.2,5,0.15,1.6,57.1,61.3,0,61.3,4.199999999999996,1,1
11112,R11,D67,Hyderabad,3,10,3.14,1,0.01,2.7,32.3,19.7,0,19.7,-12.599999999999998,0,0
11113,R6,D36,Delhi,19,15,12.58,4,0.66,4.6,80.0,94.3,0,94.3,14.299999999999997,1,1
11114,R21,D96,Bangalore,17,5,11.65,3,0.47,0.6,85.3,73.5,0,73.5,-11.799999999999997,1,0
11115,R37,D61,Delhi,13,27,2.26,4,0.22,4.0,46.4,53.6,0,53.6,7.200000000000003,1,1
11116,R20,D28,Hyderabad,12,26,14.02,5,0.11,2.2,114.0,119.0,1,119.0,5.0,1,1
11117,R23,D31,Bangalore,10,39,5.17,4,0.59,1.5,76.2,81.6,1,81.6,5.3999999999999915,1,0
11118,R38,D63,Mumbai,19,11,6.01,3,0.45,4.6,36.3,48.5,0,48.5,12.200000000000003,1,1
11119,R50,D84,Hyderabad,21,20,4.78,4,0.3,2.1,48.2,51.3,0,51.3,3.0999999999999943,1,1
11120,R41,D27,Delhi,21,31,12.51,1,0.07,0.0,79.1,81.5,1,81.5,2.4000000000000057,1,1
11121,R9,D66,Bangalore,13,22,7.07,4,0.92,2.9,65.0,74.2,0,74.2,9.200000000000003,1,1
11122,R43,D78,Bangalore,20,37,8.28,5,0.91,3.8,116.3,108.4,1,108.4,-7.8999999999999915,1,1
11123,R48,D59,Mumbai,3,34,4.36,1,0.13,0.6,42.9,51.8,0,51.8,8.899999999999999,1,0
11124,R3,D26,Delhi,23,38,13.57,2,0.04,2.6,98.7,101.5,1,101.5,2.799999999999997,1,0
11125,R17,D13,Mumbai,0,12,14.16,2,0.1,2.7,88.4,76.3,0,76.3,-12.100000000000009,1,0
11126,R5,D84,Mumbai,7,10,9.36,3,0.38,0.3,73.5,65.3,1,65.3,-8.200000000000003,1,0
11127,R37,D28,Mumbai,12,40,9.83,2,0.45,0.7,93.1,92.5,0,92.5,-0.5999999999999943,1,1
11128,R31,D20,Hyderabad,16,18,3.16,2,0.2,0.1,27.2,39.0,0,39.0,11.8,0,0
11129,R35,D80,Bangalore,13,29,8.12,2,0.08,2.2,73.2,66.8,1,66.8,-6.400000000000006,1,1
11130,R22,D100,Mumbai,22,13,1.52,3,0.08,2.4,11.6,24.5,0,24.5,12.9,0,1
11131,R37,D2,Bangalore,6,34,1.8,3,0.01,2.7,56.1,46.6,0,46.6,-9.5,1,0
11132,R32,D19,Mumbai,13,25,13.12,4,0.06,2.8,115.4,107.4,0,107.4,-8.0,1,1
11133,R20,D32,Hyderabad,12,19,11.51,3,0.16,3.2,80.3,79.7,0,79.7,-0.5999999999999943,1,1
11134,R10,D94,Bangalore,21,33,12.07,4,0.04,3.2,101.3,104.2,1,104.2,2.9000000000000057,1,1
11135,R30,D78,Delhi,0,13,4.42,2,0.14,0.7,47.2,36.3,0,36.3,-10.900000000000006,0,0
11136,R6,D22,Hyderabad,22,23,11.12,5,0.3,4.5,97.8,103.4,1,103.4,5.6000000000000085,1,1
11137,R1,D65,Delhi,13,6,7.91,3,0.16,2.9,36.8,51.2,0,51.2,14.400000000000006,1,1
11138,R4,D52,Mumbai,20,17,11.89,5,0.06,4.8,96.4,97.6,1,97.6,1.1999999999999886,1,1
11139,R28,D24,Mumbai,0,15,1.46,1,0.15,0.1,11.0,21.5,0,21.5,10.5,0,0
11140,R2,D71,Hyderabad,13,30,7.07,4,0.2,2.8,57.8,74.7,0,74.7,16.900000000000006,1,1
11141,R6,D50,Mumbai,4,36,3.42,2,0.17,2.3,62.2,55.3,0,55.3,-6.900000000000006,1,0
11142,R35,D11,Hyderabad,21,29,4.05,2,0.18,3.4,57.2,49.1,0,49.1,-8.100000000000001,1,1
11143,R6,D13,Bangalore,14,40,9.86,4,0.26,0.8,105.2,102.3,1,102.3,-2.9000000000000057,1,1
11144,R14,D42,Mumbai,13,6,6.97,3,0.71,1.4,38.2,52.3,0,52.3,14.099999999999994,1,1
11145,R18,D83,Bangalore,2,37,2.71,1,0.04,0.0,41.6,48.2,0,48.2,6.600000000000001,1,0
11146,R32,D34,Delhi,17,19,11.95,2,0.66,1.7,80.1,78.5,0,78.5,-1.5999999999999943,1,0
11147,R36,D18,Delhi,12,31,14.1,4,0.16,3.3,118.7,121.8,1,121.8,3.0999999999999943,1,1
11148,R4,D34,Hyderabad,19,10,2.35,3,0.64,4.5,43.8,31.1,0,31.1,-12.699999999999996,0,1
11149,R5,D45,Bangalore,14,21,14.22,4,0.0,4.8,95.9,105.1,1,105.1,9.199999999999989,1,1
11150,R3,D40,Mumbai,17,31,14.82,4,0.53,1.7,123.6,121.8,1,121.8,-1.7999999999999972,1,0
11151,R47,D40,Hyderabad,8,20,5.57,5,0.02,1.6,63.8,60.8,1,60.8,-3.0,1,0
11152,R29,D1,Hyderabad,15,27,14.01,3,0.19,4.6,104.2,104.8,0,104.8,0.5999999999999943,1,0
11153,R18,D80,Delhi,19,15,8.88,4,0.07,2.6,60.4,73.0,1,73.0,12.600000000000001,1,1
11154,R18,D27,Delhi,14,31,13.24,5,0.11,3.2,113.7,125.8,1,125.8,12.099999999999994,1,1
11155,R12,D3,Hyderabad,8,23,9.82,1,0.47,2.7,72.0,63.3,1,63.3,-8.700000000000003,1,0
11156,R20,D29,Delhi,9,37,13.18,2,0.04,2.1,103.3,97.1,1,97.1,-6.200000000000003,1,0
11157,R7,D13,Bangalore,12,28,5.01,4,0.67,0.6,68.7,69.9,1,69.9,1.2000000000000028,1,1
11158,R16,D64,Mumbai,14,37,6.08,5,0.04,2.2,73.3,88.8,1,88.8,15.5,1,1
11159,R18,D5,Bangalore,13,12,3.99,5,0.24,2.8,49.3,43.6,0,43.6,-5.699999999999996,0,1
11160,R10,D98,Delhi,1,37,4.25,3,0.06,4.3,77.7,66.0,1,66.0,-11.700000000000003,1,0
11161,R22,D68,Mumbai,0,35,13.88,3,0.14,0.7,109.1,112.1,0,112.1,3.0,1,0
11162,R7,D55,Bangalore,19,35,14.65,3,0.18,4.9,101.4,112.5,1,112.5,11.099999999999994,1,1
11163,R15,D6,Hyderabad,3,5,3.14,2,0.49,2.3,15.8,25.1,0,25.1,9.3,0,0
11164,R13,D99,Mumbai,13,16,2.85,5,0.22,3.8,50.8,47.8,1,47.8,-3.0,1,1
11165,R29,D88,Delhi,14,12,4.07,5,0.9,0.7,68.3,58.5,0,58.5,-9.799999999999997,1,1
11166,R25,D10,Bangalore,19,18,3.37,1,0.19,3.9,14.4,28.0,0,28.0,13.6,0,1
11167,R15,D74,Mumbai,13,37,1.46,1,0.24,0.4,31.9,45.9,0,45.9,14.0,1,1
11168,R25,D61,Delhi,15,23,6.36,3,0.05,1.5,45.4,58.8,0,58.8,13.399999999999999,1,0
11169,R32,D54,Delhi,4,36,7.83,4,0.16,2.8,73.3,86.2,0,86.2,12.900000000000006,1,0
11170,R29,D64,Delhi,4,19,9.09,3,0.1,4.3,64.8,67.9,1,67.9,3.1000000000000085,1,0
11171,R25,D3,Mumbai,13,32,11.5,5,0.07,0.2,94.8,110.0,0,110.0,15.200000000000003,1,1
11172,R8,D47,Hyderabad,18,39,14.93,3,0.1,1.5,114.8,118.5,0,118.5,3.700000000000003,1,0
11173,R20,D65,Delhi,5,29,1.22,3,0.07,4.9,32.0,40.0,1,40.0,8.0,0,0
11174,R27,D55,Delhi,13,29,10.41,2,0.88,1.0,94.7,91.0,1,91.0,-3.700000000000003,1,1
11175,R9,D28,Hyderabad,18,8,6.39,3,0.01,2.0,52.1,45.7,0,45.7,-6.399999999999999,1,0
11176,R17,D1,Delhi,23,14,7.38,3,0.73,2.1,61.4,58.7,0,58.7,-2.6999999999999957,1,0
11177,R29,D8,Hyderabad,22,36,10.8,3,0.83,1.2,100.7,103.4,0,103.4,2.700000000000003,1,1
11178,R48,D17,Hyderabad,5,8,10.74,1,0.13,2.3,37.2,50.6,0,50.6,13.399999999999999,1,0
11179,R28,D22,Bangalore,5,39,5.89,2,0.17,0.9,57.6,68.4,0,68.4,10.800000000000004,1,0
11180,R12,D24,Bangalore,16,40,0.7,5,0.18,0.4,54.9,58.0,0,58.0,3.1000000000000014,1,0
11181,R2,D28,Bangalore,20,33,13.36,1,0.07,1.0,77.8,86.4,0,86.4,8.600000000000009,1,1
11182,R8,D57,Mumbai,22,32,14.69,5,0.29,3.8,129.9,128.4,0,128.4,-1.5,1,1
11183,R36,D42,Bangalore,7,19,2.34,3,0.2,4.5,17.8,33.4,0,33.4,15.599999999999998,0,0
11184,R37,D55,Bangalore,13,31,7.06,4,0.38,1.8,81.2,79.4,1,79.4,-1.7999999999999972,1,1
11185,R29,D93,Bangalore,22,24,12.33,4,0.77,0.8,110.6,110.6,0,110.6,0.0,1,1
11186,R11,D77,Bangalore,12,28,11.76,5,0.18,2.9,97.7,104.2,1,104.2,6.5,1,1
11187,R14,D23,Bangalore,7,27,1.47,1,0.73,0.3,32.9,41.4,0,41.4,8.5,0,0
11188,R44,D5,Mumbai,23,40,12.22,2,0.16,4.4,93.6,92.8,1,92.8,-0.7999999999999972,1,0
11189,R35,D4,Delhi,20,12,2.33,5,0.05,2.2,45.9,36.7,0,36.7,-9.199999999999996,0,1
11190,R9,D8,Bangalore,13,30,3.37,4,0.66,1.9,66.7,66.7,0,66.7,0.0,1,1
11191,R22,D80,Bangalore,20,30,6.97,4,0.02,2.1,90.3,81.7,0,81.7,-8.599999999999994,1,1
11192,R26,D33,Hyderabad,12,6,13.41,4,0.09,0.8,101.9,92.7,1,92.7,-9.200000000000003,1,1
11193,R13,D22,Bangalore,14,19,12.97,3,0.06,2.9,83.5,85.0,1,85.0,1.5,1,1
11194,R38,D60,Mumbai,14,13,5.93,4,0.17,3.5,64.2,53.2,0,53.2,-11.0,1,1
11195,R38,D24,Bangalore,14,35,7.64,4,0.13,1.2,78.3,84.7,1,84.7,6.400000000000006,1,1
11196,R40,D8,Mumbai,14,39,10.15,5,0.05,3.9,111.3,112.1,0,112.1,0.7999999999999972,1,1
11197,R21,D90,Hyderabad,18,13,6.37,1,0.31,3.9,39.7,37.6,0,37.6,-2.1000000000000014,0,0
11198,R24,D11,Hyderabad,12,16,3.16,3,0.41,4.7,32.8,36.4,0,36.4,3.6000000000000014,0,1
11199,R13,D76,Delhi,0,10,12.84,1,0.03,0.9,55.9,60.4,1,60.4,4.5,1,0
11200,R45,D57,Bangalore,13,5,4.3,5,0.07,1.0,23.0,39.4,0,39.4,16.4,0,1
